{"id":2017461,"home_team_score":0,"away_team_score":1,"date_time":"2025-05-17T09:35:00Z","stadium":{"id":1480,"name":"Melbourne Rectangular Stadium","city":"Melbourne","capacity":30050},"home_team":{"id":868,"name":"Melbourne Victory Football Club","short_name":"Melbourne V FC","acronym":"MEL"},"home_team_kit":{"id":17096,"team_id":868,"season":{"id":95,"start_year":2024,"end_year":2025,"name":"2024/2025"},"name":"Home","jersey_color":"#001536","number_color":"#FFFFFF"},"away_team":{"id":4177,"name":"Auckland FC","short_name":"Auckland FC","acronym":"AUC"},"away_team_kit":{"id":14075,"team_id":4177,"season":{"id":95,"start_year":2024,"end_year":2025,"name":"2024/2025"},"name":"away","jersey_color":"#ffffff","number_color":"#000000"},"home_team_coach":null,"away_team_coach":null,"home_team_playing_time":{"minutes_tip":29.27,"minutes_otip":18.07},"away_team_playing_time":{"minutes_tip":18.07,"minutes_otip":29.27},"competition_edition":{"id":870,"competition":{"id":61,"area":"AUS","name":"A-League","gender":"male","age_group":"adult"},"season":{"id":95,"start_year":2024,"end_year":2025,"name":"2024/2025"},"name":"AUS - A-League - 2024/2025"},"match_periods":[{"period":1,"name":"period_1","start_frame":2510,"end_frame":30210,"duration_frames":27700,"duration_minutes":46.17},{"period":2,"name":"period_2","start_frame":39670,"end_frame":70420,"duration_frames":30750,"duration_minutes":51.25}],"competition_round":{"id":606,"name":"Round 1","round_number":1,"potential_overtime":false},"referees":[],"players":[{"player_role":{"id":13,"position_group":"Wide Attacker","name":"Right Winger","acronym":"RW"},"start_time":"01:23:12","end_time":null,"number":23,"yellow_card":0,"red_card":0,"injured":false,"goal":0,"own_goal":0,"playing_time":{"total":{"minutes_tip":4.3,"minutes_otip":2.41,"start_frame":62590,"end_frame":70419,"minutes_played":13.05,"minutes_played_regular_time":13.05},"by_period":[{"name":"period_2","minutes_tip":4.3,"minutes_otip":2.41,"start_frame":62590,"end_frame":70419,"minutes_played":13.05}]},"team_player_id":1564070,"team_id":868,"id":795521,"first_name":"Alexander","last_name":"Badolato","short_name":"A. Badolato","birthday":"2005-02-23","trackable_object":797084,"gender":"male"},{"player_role":{"id":12,"position_group":"Wide Attacker","name":"Left Winger","acronym":"LW"},"start_time":"01:02:21","end_time":null,"number":14,"yellow_card":0,"red_card":0,"injured":false,"goal":0,"own_goal":0,"playing_time":{"total":{"minutes_tip":5.86,"minutes_otip":10.27,"start_frame":50080,"end_frame":70419,"minutes_played":33.9,"minutes_played_regular_time":33.9},"by_period":[{"name":"period_2","minutes_tip":5.86,"minutes_otip":10.27,"start_frame":50080,"end_frame":70419,"minutes_played":33.9}]},"team_player_id":1507975,"team_id":4177,"id":965685,"first_name":"Liam ","last_name":"Gillion","short_name":"L. Gillion","birthday":"2002-10-17","trackable_object":967248,"gender":"male"},{"player_role":{"id":2,"position_group":"Central Defender","name":"Center Back","acronym":"CB"},"start_time":"01:14:54","end_time":null,"number":5,"yellow_card":0,"red_card":0,"injured":false,"goal":0,"own_goal":0,"playing_time":{"total":{"minutes_tip":3.22,"minutes_otip":7.48,"start_frame":57610,"end_frame":70419,"minutes_played":21.35,"minutes_played_regular_time":21.35},"by_period":[{"name":"period_2","minutes_tip":3.22,"minutes_otip":7.48,"start_frame":57610,"end_frame":70419,"minutes_played":21.35}]},"team_player_id":1507955,"team_id":4177,"id":31147,"first_name":"Tommy","last_name":"Smith","short_name":"T. Smith","birthday":"1990-03-31","trackable_object":32245,"gender":"male"},{"player_role":{"id":12,"position_group":"Wide Attacker","name":"Left Winger","acronym":"LW"},"start_time":"00:00:00","end_time":"01:23:12","number":17,"yellow_card":0,"red_card":0,"injured":false,"goal":0,"own_goal":0,"playing_time":{"total":{"minutes_tip":24.97,"minutes_otip":15.65,"start_frame":2510,"end_frame":62589,"minutes_played":84.36,"minutes_played_regular_time":84.36},"by_period":[{"name":"period_1","minutes_tip":13.93,"minutes_otip":10.18,"start_frame":2510,"end_frame":30210,"minutes_played":46.17},{"name":"period_2","minutes_tip":11.04,"minutes_otip":5.47,"start_frame":39670,"end_frame":62589,"minutes_played":38.2}]},"team_player_id":72948,"team_id":868,"id":50955,"first_name":"Nishan","last_name":"Velupillay","short_name":"N. Velupillay","birthday":"2001-05-07","trackable_object":52081,"gender":"male"},{"player_role":{"id":9,"position_group":"Midfield","name":"Left Midfield","acronym":"LM"},"start_time":"00:00:00","end_time":"01:19:39","number":28,"yellow_card":0,"red_card":0,"injured":false,"goal":0,"own_goal":0,"playing_time":{"total":{"minutes_tip":15.27,"minutes_otip":23.28,"start_frame":2510,"end_frame":60459,"minutes_played":80.82,"minutes_played_regular_time":80.82},"by_period":[{"name":"period_1","minutes_tip":10.18,"minutes_otip":13.93,"start_frame":2510,"end_frame":30210,"minutes_played":46.17},{"name":"period_2","minutes_tip":5.09,"minutes_otip":9.35,"start_frame":39670,"end_frame":60459,"minutes_played":34.65}]},"team_player_id":1507957,"team_id":4177,"id":23418,"first_name":"Luis Felipe","last_name":"Gallegos Leiva","short_name":"F. Gallegos","birthday":"1991-12-03","trackable_object":24342,"gender":"male"},{"player_role":{"id":9,"position_group":"Midfield","name":"Left Midfield","acronym":"LM"},"start_time":"01:19:39","end_time":null,"number":22,"yellow_card":0,"red_card":0,"injured":false,"goal":0,"own_goal":0,"playing_time":{"total":{"minutes_tip":2.79,"minutes_otip":5.99,"start_frame":60460,"end_frame":70419,"minutes_played":16.6,"minutes_played_regular_time":16.6},"by_period":[{"name":"period_2","minutes_tip":2.79,"minutes_otip":5.99,"start_frame":60460,"end_frame":70419,"minutes_played":16.6}]},"team_player_id":1507963,"team_id":4177,"id":50951,"first_name":"Jake","last_name":"Brimmer","short_name":"J. Brimmer","birthday":"1998-04-03","trackable_object":52077,"gender":"male"},{"player_role":{"id":19,"position_group":"Full Back","name":"Left Back","acronym":"LB"},"start_time":"00:00:00","end_time":"01:19:39","number":15,"yellow_card":0,"red_card":0,"injured":false,"goal":0,"own_goal":0,"playing_time":{"total":{"minutes_tip":15.27,"minutes_otip":23.28,"start_frame":2510,"end_frame":60459,"minutes_played":80.82,"minutes_played_regular_time":80.82},"by_period":[{"name":"period_1","minutes_tip":10.18,"minutes_otip":13.93,"start_frame":2510,"end_frame":30210,"minutes_played":46.17},{"name":"period_2","minutes_tip":5.09,"minutes_otip":9.35,"start_frame":39670,"end_frame":60459,"minutes_played":34.65}]},"team_player_id":1507956,"team_id":4177,"id":133498,"first_name":"Francis","last_name":"De Vries","short_name":"F. De Vries","birthday":"1994-11-28","trackable_object":135053,"gender":"male"},{"player_role":{"id":5,"position_group":"Full Back","name":"Left Wing Back","acronym":"LWB"},"start_time":"01:19:39","end_time":null,"number":17,"yellow_card":0,"red_card":0,"injured":false,"goal":0,"own_goal":0,"playing_time":{"total":{"minutes_tip":2.79,"minutes_otip":5.99,"start_frame":60460,"end_frame":70419,"minutes_played":16.6,"minutes_played_regular_time":16.6},"by_period":[{"name":"period_2","minutes_tip":2.79,"minutes_otip":5.99,"start_frame":60460,"end_frame":70419,"minutes_played":16.6}]},"team_player_id":1507968,"team_id":4177,"id":51713,"first_name":"Callan","last_name":"Elliot","short_name":"C. Elliott","birthday":"1999-07-07","trackable_object":52839,"gender":"male"},{"player_role":{"id":13,"position_group":"Wide Attacker","name":"Right Winger","acronym":"RW"},"start_time":"00:00:00","end_time":"01:14:54","number":27,"yellow_card":0,"red_card":0,"injured":false,"goal":1,"own_goal":0,"playing_time":{"total":{"minutes_tip":14.84,"minutes_otip":21.79,"start_frame":2510,"end_frame":57609,"minutes_played":76.06,"minutes_played_regular_time":76.06},"by_period":[{"name":"period_1","minutes_tip":10.18,"minutes_otip":13.93,"start_frame":2510,"end_frame":30210,"minutes_played":46.17},{"name":"period_2","minutes_tip":4.66,"minutes_otip":7.86,"start_frame":39670,"end_frame":57609,"minutes_played":29.9}]},"team_player_id":1507961,"team_id":4177,"id":133501,"first_name":"Logan","last_name":"Rogerson","short_name":"L. Rogerson","birthday":"1998-05-28","trackable_object":135056,"gender":"male"},{"player_role":{"id":12,"position_group":"Wide Attacker","name":"Left Winger","acronym":"LW"},"start_time":"00:00:00","end_time":"01:02:21","number":11,"yellow_card":1,"red_card":0,"injured":false,"goal":0,"own_goal":0,"playing_time":{"total":{"minutes_tip":12.2,"minutes_otip":19.0,"start_frame":2510,"end_frame":50079,"minutes_played":63.52,"minutes_played_regular_time":63.52},"by_period":[{"name":"period_1","minutes_tip":10.18,"minutes_otip":13.93,"start_frame":2510,"end_frame":30210,"minutes_played":46.17},{"name":"period_2","minutes_tip":2.02,"minutes_otip":5.06,"start_frame":39670,"end_frame":50079,"minutes_played":17.35}]},"team_player_id":1521584,"team_id":4177,"id":582974,"first_name":"Marlee","last_name":"Francois","short_name":"M. Francois","birthday":"2002-12-29","trackable_object":584531,"gender":"male"},{"player_role":{"id":15,"position_group":"Center Forward","name":"Center Forward","acronym":"CF"},"start_time":"01:02:21","end_time":null,"number":25,"yellow_card":0,"red_card":0,"injured":false,"goal":0,"own_goal":0,"playing_time":{"total":{"minutes_tip":5.86,"minutes_otip":10.27,"start_frame":50080,"end_frame":70419,"minutes_played":33.9,"minutes_played_regular_time":33.9},"by_period":[{"name":"period_2","minutes_tip":5.86,"minutes_otip":10.27,"start_frame":50080,"end_frame":70419,"minutes_played":33.9}]},"team_player_id":1507969,"team_id":4177,"id":43829,"first_name":"Neyder Stiven","last_name":"Moreno Betancur","short_name":"N. Moreno","birthday":"1997-02-09","trackable_object":44955,"gender":"male"},{"player_role":{"id":15,"position_group":"Center Forward","name":"Center Forward","acronym":"CF"},"start_time":"00:00:00","end_time":"01:02:21","number":21,"yellow_card":0,"red_card":0,"injured":false,"goal":0,"own_goal":0,"playing_time":{"total":{"minutes_tip":12.2,"minutes_otip":19.0,"start_frame":2510,"end_frame":50079,"minutes_played":63.52,"minutes_played_regular_time":63.52},"by_period":[{"name":"period_1","minutes_tip":10.18,"minutes_otip":13.93,"start_frame":2510,"end_frame":30210,"minutes_played":46.17},{"name":"period_2","minutes_tip":2.02,"minutes_otip":5.06,"start_frame":39670,"end_frame":50079,"minutes_played":17.35}]},"team_player_id":1507972,"team_id":4177,"id":624628,"first_name":"Jesse","last_name":"Randall","short_name":"J. Randall","birthday":"2002-08-19","trackable_object":626185,"gender":"male"},{"player_role":{"id":11,"position_group":"Midfield","name":"Attacking Midfield","acronym":"AM"},"start_time":"00:00:00","end_time":"01:23:12","number":8,"yellow_card":0,"red_card":0,"injured":false,"goal":0,"own_goal":0,"playing_time":{"total":{"minutes_tip":24.97,"minutes_otip":15.65,"start_frame":2510,"end_frame":62589,"minutes_played":84.36,"minutes_played_regular_time":84.36},"by_period":[{"name":"period_1","minutes_tip":13.93,"minutes_otip":10.18,"start_frame":2510,"end_frame":30210,"minutes_played":46.17},{"name":"period_2","minutes_tip":11.04,"minutes_otip":5.47,"start_frame":39670,"end_frame":62589,"minutes_played":38.2}]},"team_player_id":1204867,"team_id":868,"id":11117,"first_name":"Zinédine","last_name":"Machach","short_name":"Z. Machach","birthday":"1996-01-05","trackable_object":11127,"gender":"male"},{"player_role":{"id":11,"position_group":"Midfield","name":"Attacking Midfield","acronym":"AM"},"start_time":"01:23:12","end_time":null,"number":27,"yellow_card":0,"red_card":0,"injured":false,"goal":0,"own_goal":0,"playing_time":{"total":{"minutes_tip":4.3,"minutes_otip":2.41,"start_frame":62590,"end_frame":70419,"minutes_played":13.05,"minutes_played_regular_time":13.05},"by_period":[{"name":"period_2","minutes_tip":4.3,"minutes_otip":2.41,"start_frame":62590,"end_frame":70419,"minutes_played":13.05}]},"team_player_id":1494841,"team_id":868,"id":51714,"first_name":"Reno","last_name":"Piscopo","short_name":"R. Piscopo","birthday":"1998-05-27","trackable_object":52840,"gender":"male"},{"player_role":{"id":12,"position_group":"Wide Attacker","name":"Left Winger","acronym":"LW"},"start_time":"01:09:04","end_time":null,"number":11,"yellow_card":0,"red_card":0,"injured":false,"goal":0,"own_goal":0,"playing_time":{"total":{"minutes_tip":9.26,"minutes_otip":4.03,"start_frame":54110,"end_frame":70419,"minutes_played":27.18,"minutes_played_regular_time":27.18},"by_period":[{"name":"period_2","minutes_tip":9.26,"minutes_otip":4.03,"start_frame":54110,"end_frame":70419,"minutes_played":27.18}]},"team_player_id":1494844,"team_id":868,"id":745320,"first_name":"Clarismario","last_name":"Santos Rodrigues","short_name":"Clarismario Rodrigues","birthday":"2001-07-27","trackable_object":746883,"gender":"male"},{"player_role":{"id":15,"position_group":"Center Forward","name":"Center Forward","acronym":"CF"},"start_time":"01:09:04","end_time":null,"number":10,"yellow_card":0,"red_card":0,"injured":false,"goal":0,"own_goal":0,"playing_time":{"total":{"minutes_tip":9.26,"minutes_otip":4.03,"start_frame":54110,"end_frame":70419,"minutes_played":27.18,"minutes_played_regular_time":27.18},"by_period":[{"name":"period_2","minutes_tip":9.26,"minutes_otip":4.03,"start_frame":54110,"end_frame":70419,"minutes_played":27.18}]},"team_player_id":828153,"team_id":868,"id":50979,"first_name":"Bruno","last_name":"Fornaroli Mezza","short_name":"B. Fornaroli","birthday":"1987-09-07","trackable_object":52105,"gender":"male"},{"player_role":{"id":4,"position_group":"Central Defender","name":"Right Center Back","acronym":"RCB"},"start_time":"00:57:49","end_time":null,"number":22,"yellow_card":0,"red_card":0,"injured":false,"goal":0,"own_goal":0,"playing_time":{"total":{"minutes_tip":11.74,"minutes_otip":6.21,"start_frame":47360,"end_frame":70419,"minutes_played":38.43,"minutes_played_regular_time":38.43},"by_period":[{"name":"period_2","minutes_tip":11.74,"minutes_otip":6.21,"start_frame":47360,"end_frame":70419,"minutes_played":38.43}]},"team_player_id":1494845,"team_id":868,"id":50977,"first_name":"Joshua","last_name":"Rawlins","short_name":"J. Rawlins","birthday":"2004-04-23","trackable_object":52103,"gender":"male"},{"player_role":{"id":17,"position_group":"Other","name":"Substitute","acronym":"SUB"},"start_time":null,"end_time":null,"number":1,"yellow_card":0,"red_card":0,"injured":false,"goal":0,"own_goal":0,"playing_time":{"total":null,"by_period":[]},"team_player_id":1507962,"team_id":4177,"id":14355,"first_name":"Michael","last_name":"Woud","short_name":"M. Woud","birthday":"1999-01-16","trackable_object":14552,"gender":"male"},{"player_role":{"id":17,"position_group":"Other","name":"Substitute","acronym":"SUB"},"start_time":null,"end_time":null,"number":7,"yellow_card":0,"red_card":0,"injured":false,"goal":0,"own_goal":0,"playing_time":{"total":null,"by_period":[]},"team_player_id":1507959,"team_id":4177,"id":133495,"first_name":"Cameron Drew","last_name":"Howieson","short_name":"C. Howieson","birthday":"1994-12-22","trackable_object":135050,"gender":"male"},{"player_role":{"id":3,"position_group":"Central Defender","name":"Left Center Back","acronym":"LCB"},"start_time":"00:00:00","end_time":null,"number":4,"yellow_card":0,"red_card":0,"injured":false,"goal":0,"own_goal":0,"playing_time":{"total":{"minutes_tip":18.07,"minutes_otip":29.27,"start_frame":2510,"end_frame":70419,"minutes_played":97.42,"minutes_played_regular_time":97.42},"by_period":[{"name":"period_1","minutes_tip":10.18,"minutes_otip":13.93,"start_frame":2510,"end_frame":30210,"minutes_played":46.17},{"name":"period_2","minutes_tip":7.88,"minutes_otip":15.34,"start_frame":39670,"end_frame":70419,"minutes_played":51.25}]},"team_player_id":1507971,"team_id":4177,"id":33697,"first_name":"Nando","last_name":"Pijnaker","short_name":"N. Pijnaker","birthday":"1999-02-25","trackable_object":34805,"gender":"male"},{"player_role":{"id":10,"position_group":"Midfield","name":"Right Midfield","acronym":"RM"},"start_time":"00:00:00","end_time":null,"number":6,"yellow_card":0,"red_card":0,"injured":false,"goal":0,"own_goal":0,"playing_time":{"total":{"minutes_tip":18.07,"minutes_otip":29.27,"start_frame":2510,"end_frame":70419,"minutes_played":97.42,"minutes_played_regular_time":97.42},"by_period":[{"name":"period_1","minutes_tip":10.18,"minutes_otip":13.93,"start_frame":2510,"end_frame":30210,"minutes_played":46.17},{"name":"period_2","minutes_tip":7.88,"minutes_otip":15.34,"start_frame":39670,"end_frame":70419,"minutes_played":51.25}]},"team_player_id":1507966,"team_id":4177,"id":14736,"first_name":"Louis","last_name":"Verstraete","short_name":"L. Verstraete","birthday":"1999-05-04","trackable_object":14933,"gender":"male"},{"player_role":{"id":20,"position_group":"Full Back","name":"Right Back","acronym":"RB"},"start_time":"00:00:00","end_time":null,"number":2,"yellow_card":0,"red_card":0,"injured":false,"goal":0,"own_goal":0,"playing_time":{"total":{"minutes_tip":18.07,"minutes_otip":29.27,"start_frame":2510,"end_frame":70419,"minutes_played":97.42,"minutes_played_regular_time":97.42},"by_period":[{"name":"period_1","minutes_tip":10.18,"minutes_otip":13.93,"start_frame":2510,"end_frame":30210,"minutes_played":46.17},{"name":"period_2","minutes_tip":7.88,"minutes_otip":15.34,"start_frame":39670,"end_frame":70419,"minutes_played":51.25}]},"team_player_id":1507958,"team_id":4177,"id":4322,"first_name":"Hiroki","last_name":"Sakai","short_name":"H. Sakai","birthday":"1990-04-12","trackable_object":4332,"gender":"male"},{"player_role":{"id":15,"position_group":"Center Forward","name":"Center Forward","acronym":"CF"},"start_time":"00:00:00","end_time":null,"number":10,"yellow_card":0,"red_card":0,"injured":false,"goal":0,"own_goal":0,"playing_time":{"total":{"minutes_tip":18.07,"minutes_otip":29.27,"start_frame":2510,"end_frame":70419,"minutes_played":97.42,"minutes_played_regular_time":97.42},"by_period":[{"name":"period_1","minutes_tip":10.18,"minutes_otip":13.93,"start_frame":2510,"end_frame":30210,"minutes_played":46.17},{"name":"period_2","minutes_tip":7.88,"minutes_otip":15.34,"start_frame":39670,"end_frame":70419,"minutes_played":51.25}]},"team_player_id":1507965,"team_id":4177,"id":38673,"first_name":"Guillermo Luis","last_name":"May Bartesaghi","short_name":"G. May","birthday":"1998-03-11","trackable_object":39794,"gender":"male"},{"player_role":{"id":4,"position_group":"Central Defender","name":"Right Center Back","acronym":"RCB"},"start_time":"00:00:00","end_time":null,"number":23,"yellow_card":0,"red_card":0,"injured":false,"goal":0,"own_goal":0,"playing_time":{"total":{"minutes_tip":18.07,"minutes_otip":29.27,"start_frame":2510,"end_frame":70419,"minutes_played":97.42,"minutes_played_regular_time":97.42},"by_period":[{"name":"period_1","minutes_tip":10.18,"minutes_otip":13.93,"start_frame":2510,"end_frame":30210,"minutes_played":46.17},{"name":"period_2","minutes_tip":7.88,"minutes_otip":15.34,"start_frame":39670,"end_frame":70419,"minutes_played":51.25}]},"team_player_id":1507974,"team_id":4177,"id":51667,"first_name":"Daniel","last_name":"Hall","short_name":"D. Hall","birthday":"1999-06-14","trackable_object":52793,"gender":"male"},{"player_role":{"id":0,"position_group":"Other","name":"Goalkeeper","acronym":"GK"},"start_time":"00:00:00","end_time":null,"number":12,"yellow_card":0,"red_card":0,"injured":false,"goal":0,"own_goal":0,"playing_time":{"total":{"minutes_tip":18.07,"minutes_otip":29.27,"start_frame":2510,"end_frame":70419,"minutes_played":97.42,"minutes_played_regular_time":97.42},"by_period":[{"name":"period_1","minutes_tip":10.18,"minutes_otip":13.93,"start_frame":2510,"end_frame":30210,"minutes_played":46.17},{"name":"period_2","minutes_tip":7.88,"minutes_otip":15.34,"start_frame":39670,"end_frame":70419,"minutes_played":51.25}]},"team_player_id":1507970,"team_id":4177,"id":285188,"first_name":"Alex Noah","last_name":"Paulsen","short_name":"A. Paulsen","birthday":"2002-07-04","trackable_object":286745,"gender":"male"},{"player_role":{"id":17,"position_group":"Other","name":"Substitute","acronym":"SUB"},"start_time":null,"end_time":null,"number":38,"yellow_card":0,"red_card":0,"injured":false,"goal":0,"own_goal":0,"playing_time":{"total":null,"by_period":[]},"team_player_id":1574774,"team_id":868,"id":1008911,"first_name":"Luka","last_name":"Didulica","short_name":"L. Didulica","birthday":"2007-09-18","trackable_object":1010474,"gender":"male"},{"player_role":{"id":17,"position_group":"Other","name":"Substitute","acronym":"SUB"},"start_time":null,"end_time":null,"number":40,"yellow_card":0,"red_card":0,"injured":false,"goal":0,"own_goal":0,"playing_time":{"total":null,"by_period":[]},"team_player_id":1204868,"team_id":868,"id":795504,"first_name":"Christian","last_name":"Siciliano","short_name":"C. Siciliano","birthday":"2003-07-11","trackable_object":797067,"gender":"male"},{"player_role":{"id":22,"position_group":"Midfield","name":"Right Defensive Midfield","acronym":"RDM"},"start_time":"00:00:00","end_time":null,"number":6,"yellow_card":0,"red_card":0,"injured":false,"goal":0,"own_goal":0,"playing_time":{"total":{"minutes_tip":29.27,"minutes_otip":18.07,"start_frame":2510,"end_frame":70419,"minutes_played":97.42,"minutes_played_regular_time":97.42},"by_period":[{"name":"period_1","minutes_tip":13.93,"minutes_otip":10.18,"start_frame":2510,"end_frame":30210,"minutes_played":46.17},{"name":"period_2","minutes_tip":15.34,"minutes_otip":7.88,"start_frame":39670,"end_frame":70419,"minutes_played":51.25}]},"team_player_id":1204866,"team_id":868,"id":157294,"first_name":"Ryan Graham Pun","last_name":"Teague","short_name":"R. Teague","birthday":"2002-01-24","trackable_object":158849,"gender":"male"},{"player_role":{"id":3,"position_group":"Central Defender","name":"Left Center Back","acronym":"LCB"},"start_time":"00:00:00","end_time":null,"number":4,"yellow_card":1,"red_card":0,"injured":false,"goal":0,"own_goal":0,"playing_time":{"total":{"minutes_tip":29.27,"minutes_otip":18.07,"start_frame":2510,"end_frame":70419,"minutes_played":97.42,"minutes_played_regular_time":97.42},"by_period":[{"name":"period_1","minutes_tip":13.93,"minutes_otip":10.18,"start_frame":2510,"end_frame":30210,"minutes_played":46.17},{"name":"period_2","minutes_tip":15.34,"minutes_otip":7.88,"start_frame":39670,"end_frame":70419,"minutes_played":51.25}]},"team_player_id":1559297,"team_id":868,"id":51685,"first_name":"Lachlan","last_name":"Jackson","short_name":"L. Jackson","birthday":"1995-03-12","trackable_object":52811,"gender":"male"},{"player_role":{"id":19,"position_group":"Full Back","name":"Left Back","acronym":"LB"},"start_time":"00:00:00","end_time":null,"number":28,"yellow_card":0,"red_card":0,"injured":false,"goal":0,"own_goal":0,"playing_time":{"total":{"minutes_tip":29.27,"minutes_otip":18.07,"start_frame":2510,"end_frame":70419,"minutes_played":97.42,"minutes_played_regular_time":97.42},"by_period":[{"name":"period_1","minutes_tip":13.93,"minutes_otip":10.18,"start_frame":2510,"end_frame":30210,"minutes_played":46.17},{"name":"period_2","minutes_tip":15.34,"minutes_otip":7.88,"start_frame":39670,"end_frame":70419,"minutes_played":51.25}]},"team_player_id":1239268,"team_id":868,"id":811820,"first_name":"Kasey","last_name":"Bos","short_name":"K. Bos","birthday":"2004-05-08","trackable_object":813383,"gender":"male"},{"player_role":{"id":21,"position_group":"Midfield","name":"Left Defensive Midfield","acronym":"LDM"},"start_time":"00:00:00","end_time":null,"number":14,"yellow_card":0,"red_card":0,"injured":false,"goal":0,"own_goal":0,"playing_time":{"total":{"minutes_tip":29.27,"minutes_otip":18.07,"start_frame":2510,"end_frame":70419,"minutes_played":97.42,"minutes_played_regular_time":97.42},"by_period":[{"name":"period_1","minutes_tip":13.93,"minutes_otip":10.18,"start_frame":2510,"end_frame":30210,"minutes_played":46.17},{"name":"period_2","minutes_tip":15.34,"minutes_otip":7.88,"start_frame":39670,"end_frame":70419,"minutes_played":51.25}]},"team_player_id":1227840,"team_id":868,"id":159688,"first_name":"Jordi","last_name":"Valadon","short_name":"J. Valadon","birthday":"2003-03-04","trackable_object":161243,"gender":"male"},{"player_role":{"id":20,"position_group":"Full Back","name":"Right Back","acronym":"RB"},"start_time":"00:00:00","end_time":null,"number":16,"yellow_card":0,"red_card":0,"injured":false,"goal":0,"own_goal":0,"playing_time":{"total":{"minutes_tip":29.27,"minutes_otip":18.07,"start_frame":2510,"end_frame":70419,"minutes_played":97.42,"minutes_played_regular_time":97.42},"by_period":[{"name":"period_1","minutes_tip":13.93,"minutes_otip":10.18,"start_frame":2510,"end_frame":30210,"minutes_played":46.17},{"name":"period_2","minutes_tip":15.34,"minutes_otip":7.88,"start_frame":39670,"end_frame":70419,"minutes_played":51.25}]},"team_player_id":1216250,"team_id":868,"id":800322,"first_name":"Joshua","last_name":"Inserra","short_name":"J. Inserra","birthday":"2005-01-21","trackable_object":801885,"gender":"male"},{"player_role":{"id":0,"position_group":"Other","name":"Goalkeeper","acronym":"GK"},"start_time":"00:00:00","end_time":null,"number":25,"yellow_card":0,"red_card":0,"injured":false,"goal":0,"own_goal":0,"playing_time":{"total":{"minutes_tip":29.27,"minutes_otip":18.07,"start_frame":2510,"end_frame":70419,"minutes_played":97.42,"minutes_played_regular_time":97.42},"by_period":[{"name":"period_1","minutes_tip":13.93,"minutes_otip":10.18,"start_frame":2510,"end_frame":30210,"minutes_played":46.17},{"name":"period_2","minutes_tip":15.34,"minutes_otip":7.88,"start_frame":39670,"end_frame":70419,"minutes_played":51.25}]},"team_player_id":1494842,"team_id":868,"id":51678,"first_name":"Jack","last_name":"Duncan","short_name":"J. Duncan","birthday":"1993-04-19","trackable_object":52804,"gender":"male"},{"player_role":{"id":15,"position_group":"Center Forward","name":"Center Forward","acronym":"CF"},"start_time":"00:00:00","end_time":"01:09:04","number":9,"yellow_card":0,"red_card":0,"injured":false,"goal":0,"own_goal":0,"playing_time":{"total":{"minutes_tip":20.01,"minutes_otip":14.04,"start_frame":2510,"end_frame":54109,"minutes_played":70.23,"minutes_played_regular_time":70.23},"by_period":[{"name":"period_1","minutes_tip":13.93,"minutes_otip":10.18,"start_frame":2510,"end_frame":30210,"minutes_played":46.17},{"name":"period_2","minutes_tip":6.08,"minutes_otip":3.85,"start_frame":39670,"end_frame":54109,"minutes_played":24.06}]},"team_player_id":1494847,"team_id":868,"id":29075,"first_name":"Nikolaos","last_name":"Vergos","short_name":"N. Vergos","birthday":"1996-01-13","trackable_object":30159,"gender":"male"},{"player_role":{"id":13,"position_group":"Wide Attacker","name":"Right Winger","acronym":"RW"},"start_time":"00:00:00","end_time":"01:09:04","number":7,"yellow_card":0,"red_card":0,"injured":false,"goal":0,"own_goal":0,"playing_time":{"total":{"minutes_tip":20.01,"minutes_otip":14.04,"start_frame":2510,"end_frame":54109,"minutes_played":70.23,"minutes_played_regular_time":70.23},"by_period":[{"name":"period_1","minutes_tip":13.93,"minutes_otip":10.18,"start_frame":2510,"end_frame":30210,"minutes_played":46.17},{"name":"period_2","minutes_tip":6.08,"minutes_otip":3.85,"start_frame":39670,"end_frame":54109,"minutes_played":24.06}]},"team_player_id":1204865,"team_id":868,"id":11885,"first_name":"Daniel","last_name":"Arzani","short_name":"D. Arzani","birthday":"1999-01-04","trackable_object":11992,"gender":"male"},{"player_role":{"id":4,"position_group":"Central Defender","name":"Right Center Back","acronym":"RCB"},"start_time":"00:00:00","end_time":"00:57:49","number":5,"yellow_card":0,"red_card":0,"injured":false,"goal":0,"own_goal":0,"playing_time":{"total":{"minutes_tip":17.52,"minutes_otip":11.86,"start_frame":2510,"end_frame":47359,"minutes_played":58.98,"minutes_played_regular_time":58.98},"by_period":[{"name":"period_1","minutes_tip":13.93,"minutes_otip":10.18,"start_frame":2510,"end_frame":30210,"minutes_played":46.17},{"name":"period_2","minutes_tip":3.59,"minutes_otip":1.67,"start_frame":39670,"end_frame":47359,"minutes_played":12.82}]},"team_player_id":177100,"team_id":868,"id":51013,"first_name":"Brendan","last_name":"Hamill","short_name":"B. Hamill","birthday":"1992-09-18","trackable_object":52139,"gender":"male"}],"status":"closed","home_team_side":["left_to_right","right_to_left"],"ball":{"trackable_object":55},"pitch_length":105,"pitch_width":68}