{"id":1899585,"home_team_score":2,"away_team_score":1,"date_time":"2024-12-07T04:00:00Z","stadium":{"id":3811,"name":"Mount Smart Stadium","city":"Auckland","capacity":25000},"home_team":{"id":4177,"name":"Auckland FC","short_name":"Auckland FC","acronym":"AUC"},"home_team_kit":{"id":14025,"team_id":4177,"season":{"id":95,"start_year":2024,"end_year":2025,"name":"2024/2025"},"name":"Home","jersey_color":"#2800f0","number_color":"#ffffff"},"away_team":{"id":867,"name":"Wellington Phoenix FC","short_name":"Wellington P FC","acronym":"WEL"},"away_team_kit":{"id":1025,"team_id":867,"season":{"id":3,"start_year":2016,"end_year":2017,"name":"2016/2017"},"name":"Away","jersey_color":"#ffff00","number_color":"#000000"},"home_team_coach":null,"away_team_coach":null,"home_team_playing_time":{"minutes_tip":23.8,"minutes_otip":25.91},"away_team_playing_time":{"minutes_tip":25.91,"minutes_otip":23.8},"competition_edition":{"id":870,"competition":{"id":61,"area":"AUS","name":"A-League","gender":"male","age_group":"adult"},"season":{"id":95,"start_year":2024,"end_year":2025,"name":"2024/2025"},"name":"AUS - A-League - 2024/2025"},"match_periods":[{"period":1,"name":"period_1","start_frame":10,"end_frame":29760,"duration_frames":29750,"duration_minutes":49.58},{"period":2,"name":"period_2","start_frame":29770,"end_frame":60530,"duration_frames":30760,"duration_minutes":51.27}],"competition_round":{"id":612,"name":"Round 7","round_number":7,"potential_overtime":false},"referees":[],"players":[{"player_role":{"id":5,"position_group":"Full Back","name":"Left Wing Back","acronym":"LWB"},"start_time":"01:34:37","end_time":null,"number":3,"yellow_card":0,"red_card":0,"injured":false,"goal":0,"own_goal":0,"playing_time":{"total":{"minutes_tip":0.06,"minutes_otip":0.34,"start_frame":59540,"end_frame":60529,"minutes_played":1.65,"minutes_played_regular_time":1.65},"by_period":[{"name":"period_2","minutes_tip":0.06,"minutes_otip":0.34,"start_frame":59540,"end_frame":60529,"minutes_played":1.65}]},"team_player_id":1496509,"team_id":867,"id":957734,"first_name":"Corban","last_name":"Piper","short_name":"C. Piper","birthday":"2002-09-10","trackable_object":959297,"gender":"male"},{"player_role":{"id":15,"position_group":"Center Forward","name":"Center Forward","acronym":"CF"},"start_time":"00:00:00","end_time":"01:19:45","number":25,"yellow_card":0,"red_card":0,"injured":false,"goal":0,"own_goal":0,"playing_time":{"total":{"minutes_tip":21.13,"minutes_otip":19.47,"start_frame":10,"end_frame":50619,"minutes_played":84.33,"minutes_played_regular_time":84.33},"by_period":[{"name":"period_1","minutes_tip":11.76,"minutes_otip":12.76,"start_frame":10,"end_frame":29760,"minutes_played":49.58},{"name":"period_2","minutes_tip":9.37,"minutes_otip":6.7,"start_frame":29770,"end_frame":50619,"minutes_played":34.75}]},"team_player_id":1496507,"team_id":867,"id":27003,"first_name":"Kazuki","last_name":"Nagasawa","short_name":"K. Nagasawa","birthday":"1991-12-16","trackable_object":28085,"gender":"male"},{"player_role":{"id":10,"position_group":"Midfield","name":"Right Midfield","acronym":"RM"},"start_time":"00:00:00","end_time":"00:21:41","number":6,"yellow_card":0,"red_card":0,"injured":false,"goal":0,"own_goal":0,"playing_time":{"total":{"minutes_tip":6.93,"minutes_otip":5.48,"start_frame":10,"end_frame":13019,"minutes_played":21.68,"minutes_played_regular_time":21.68},"by_period":[{"name":"period_1","minutes_tip":6.93,"minutes_otip":5.48,"start_frame":10,"end_frame":13019,"minutes_played":21.68}]},"team_player_id":1507966,"team_id":4177,"id":14736,"first_name":"Louis","last_name":"Verstraete","short_name":"L. Verstraete","birthday":"1999-05-04","trackable_object":14933,"gender":"male"},{"player_role":{"id":15,"position_group":"Center Forward","name":"Center Forward","acronym":"CF"},"start_time":"01:00:10","end_time":null,"number":21,"yellow_card":0,"red_card":0,"injured":false,"goal":0,"own_goal":0,"playing_time":{"total":{"minutes_tip":11.44,"minutes_otip":7.3,"start_frame":38870,"end_frame":60529,"minutes_played":36.1,"minutes_played_regular_time":36.1},"by_period":[{"name":"period_2","minutes_tip":11.44,"minutes_otip":7.3,"start_frame":38870,"end_frame":60529,"minutes_played":36.1}]},"team_player_id":1508972,"team_id":867,"id":6799,"first_name":"Marco","last_name":"Rojas","short_name":"M. Rojas","birthday":"1991-11-05","trackable_object":6809,"gender":"male"},{"player_role":{"id":12,"position_group":"Wide Attacker","name":"Left Winger","acronym":"LW"},"start_time":"00:58:04","end_time":null,"number":8,"yellow_card":0,"red_card":0,"injured":false,"goal":0,"own_goal":0,"playing_time":{"total":{"minutes_tip":7.49,"minutes_otip":12.01,"start_frame":37610,"end_frame":60529,"minutes_played":38.2,"minutes_played_regular_time":38.2},"by_period":[{"name":"period_2","minutes_tip":7.49,"minutes_otip":12.01,"start_frame":37610,"end_frame":60529,"minutes_played":38.2}]},"team_player_id":1507973,"team_id":4177,"id":965684,"first_name":"Luis","last_name":"Toomey","short_name":"L. Toomey","birthday":"2001-07-01","trackable_object":967247,"gender":"male"},{"player_role":{"id":14,"position_group":"Wide Attacker","name":"Left Forward","acronym":"LF"},"start_time":"00:00:00","end_time":null,"number":9,"yellow_card":1,"red_card":0,"injured":false,"goal":0,"own_goal":0,"playing_time":{"total":{"minutes_tip":25.91,"minutes_otip":23.8,"start_frame":10,"end_frame":60529,"minutes_played":100.85,"minutes_played_regular_time":100.85},"by_period":[{"name":"period_1","minutes_tip":11.76,"minutes_otip":12.76,"start_frame":10,"end_frame":29760,"minutes_played":49.58},{"name":"period_2","minutes_tip":14.14,"minutes_otip":11.04,"start_frame":29770,"end_frame":60529,"minutes_played":51.26}]},"team_player_id":1496505,"team_id":867,"id":26969,"first_name":"Hideki","last_name":"Ishige","short_name":"H. Ishige","birthday":"1994-09-21","trackable_object":28051,"gender":"male"},{"player_role":{"id":13,"position_group":"Wide Attacker","name":"Right Winger","acronym":"RW"},"start_time":"00:58:04","end_time":null,"number":25,"yellow_card":0,"red_card":0,"injured":false,"goal":0,"own_goal":0,"playing_time":{"total":{"minutes_tip":7.49,"minutes_otip":12.01,"start_frame":37610,"end_frame":60529,"minutes_played":38.2,"minutes_played_regular_time":38.2},"by_period":[{"name":"period_2","minutes_tip":7.49,"minutes_otip":12.01,"start_frame":37610,"end_frame":60529,"minutes_played":38.2}]},"team_player_id":1507969,"team_id":4177,"id":43829,"first_name":"Neyder Stiven","last_name":"Moreno Betancur","short_name":"N. Moreno","birthday":"1997-02-09","trackable_object":44955,"gender":"male"},{"player_role":{"id":4,"position_group":"Central Defender","name":"Right Center Back","acronym":"RCB"},"start_time":"00:00:00","end_time":null,"number":27,"yellow_card":0,"red_card":0,"injured":false,"goal":0,"own_goal":0,"playing_time":{"total":{"minutes_tip":25.91,"minutes_otip":23.8,"start_frame":10,"end_frame":60529,"minutes_played":100.85,"minutes_played_regular_time":100.85},"by_period":[{"name":"period_1","minutes_tip":11.76,"minutes_otip":12.76,"start_frame":10,"end_frame":29760,"minutes_played":49.58},{"name":"period_2","minutes_tip":14.14,"minutes_otip":11.04,"start_frame":29770,"end_frame":60529,"minutes_played":51.26}]},"team_player_id":1214315,"team_id":867,"id":799092,"first_name":"Matthew","last_name":"Sheridan","short_name":"M. Sheridan","birthday":"2004-05-09","trackable_object":800655,"gender":"male"},{"player_role":{"id":13,"position_group":"Wide Attacker","name":"Right Winger","acronym":"RW"},"start_time":"00:00:00","end_time":"00:58:04","number":27,"yellow_card":0,"red_card":0,"injured":false,"goal":0,"own_goal":0,"playing_time":{"total":{"minutes_tip":16.31,"minutes_otip":13.9,"start_frame":10,"end_frame":37609,"minutes_played":62.65,"minutes_played_regular_time":62.65},"by_period":[{"name":"period_1","minutes_tip":12.76,"minutes_otip":11.76,"start_frame":10,"end_frame":29760,"minutes_played":49.58},{"name":"period_2","minutes_tip":3.54,"minutes_otip":2.14,"start_frame":29770,"end_frame":37609,"minutes_played":13.06}]},"team_player_id":1507961,"team_id":4177,"id":133501,"first_name":"Logan","last_name":"Rogerson","short_name":"L. Rogerson","birthday":"1998-05-28","trackable_object":135056,"gender":"male"},{"player_role":{"id":10,"position_group":"Midfield","name":"Right Midfield","acronym":"RM"},"start_time":"01:19:45","end_time":null,"number":24,"yellow_card":0,"red_card":0,"injured":false,"goal":0,"own_goal":0,"playing_time":{"total":{"minutes_tip":4.78,"minutes_otip":4.34,"start_frame":50620,"end_frame":60529,"minutes_played":16.52,"minutes_played_regular_time":16.52},"by_period":[{"name":"period_2","minutes_tip":4.78,"minutes_otip":4.34,"start_frame":50620,"end_frame":60529,"minutes_played":16.52}]},"team_player_id":1214314,"team_id":867,"id":799091,"first_name":"Oskar","last_name":"Van Hattum","short_name":"O. Van Hattum","birthday":"2002-04-14","trackable_object":800654,"gender":"male"},{"player_role":{"id":14,"position_group":"Wide Attacker","name":"Left Forward","acronym":"LF"},"start_time":"01:00:10","end_time":null,"number":11,"yellow_card":0,"red_card":0,"injured":false,"goal":0,"own_goal":0,"playing_time":{"total":{"minutes_tip":11.44,"minutes_otip":7.3,"start_frame":38870,"end_frame":60529,"minutes_played":36.1,"minutes_played_regular_time":36.1},"by_period":[{"name":"period_2","minutes_tip":11.44,"minutes_otip":7.3,"start_frame":38870,"end_frame":60529,"minutes_played":36.1}]},"team_player_id":1508549,"team_id":867,"id":159938,"first_name":"Stefan","last_name":"Colakovski","short_name":"S. Colakovski","birthday":"2000-04-20","trackable_object":161493,"gender":"male"},{"player_role":{"id":15,"position_group":"Center Forward","name":"Center Forward","acronym":"CF"},"start_time":"00:00:00","end_time":"01:08:31","number":22,"yellow_card":0,"red_card":0,"injured":false,"goal":0,"own_goal":0,"playing_time":{"total":{"minutes_tip":18.7,"minutes_otip":17.89,"start_frame":10,"end_frame":43879,"minutes_played":73.1,"minutes_played_regular_time":73.1},"by_period":[{"name":"period_1","minutes_tip":12.76,"minutes_otip":11.76,"start_frame":10,"end_frame":29760,"minutes_played":49.58},{"name":"period_2","minutes_tip":5.94,"minutes_otip":6.13,"start_frame":29770,"end_frame":43879,"minutes_played":23.52}]},"team_player_id":1507963,"team_id":4177,"id":50951,"first_name":"Jake","last_name":"Brimmer","short_name":"J. Brimmer","birthday":"1998-04-03","trackable_object":52077,"gender":"male"},{"player_role":{"id":2,"position_group":"Central Defender","name":"Center Back","acronym":"CB"},"start_time":"01:08:31","end_time":null,"number":5,"yellow_card":0,"red_card":0,"injured":false,"goal":0,"own_goal":0,"playing_time":{"total":{"minutes_tip":5.1,"minutes_otip":8.02,"start_frame":43880,"end_frame":60529,"minutes_played":27.75,"minutes_played_regular_time":27.75},"by_period":[{"name":"period_2","minutes_tip":5.1,"minutes_otip":8.02,"start_frame":43880,"end_frame":60529,"minutes_played":27.75}]},"team_player_id":1507955,"team_id":4177,"id":31147,"first_name":"Tommy","last_name":"Smith","short_name":"T. Smith","birthday":"1990-03-31","trackable_object":32245,"gender":"male"},{"player_role":{"id":12,"position_group":"Wide Attacker","name":"Left Winger","acronym":"LW"},"start_time":"00:00:00","end_time":"00:58:04","number":14,"yellow_card":0,"red_card":0,"injured":false,"goal":0,"own_goal":0,"playing_time":{"total":{"minutes_tip":16.31,"minutes_otip":13.9,"start_frame":10,"end_frame":37609,"minutes_played":62.65,"minutes_played_regular_time":62.65},"by_period":[{"name":"period_1","minutes_tip":12.76,"minutes_otip":11.76,"start_frame":10,"end_frame":29760,"minutes_played":49.58},{"name":"period_2","minutes_tip":3.54,"minutes_otip":2.14,"start_frame":29770,"end_frame":37609,"minutes_played":13.06}]},"team_player_id":1507975,"team_id":4177,"id":965685,"first_name":"Liam ","last_name":"Gillion","short_name":"L. Gillion","birthday":"2002-10-17","trackable_object":967248,"gender":"male"},{"player_role":{"id":10,"position_group":"Midfield","name":"Right Midfield","acronym":"RM"},"start_time":"00:21:41","end_time":null,"number":7,"yellow_card":1,"red_card":0,"injured":false,"goal":0,"own_goal":0,"playing_time":{"total":{"minutes_tip":16.88,"minutes_otip":20.43,"start_frame":13020,"end_frame":60529,"minutes_played":79.16,"minutes_played_regular_time":79.16},"by_period":[{"name":"period_1","minutes_tip":5.84,"minutes_otip":6.28,"start_frame":13020,"end_frame":29760,"minutes_played":27.9},{"name":"period_2","minutes_tip":11.04,"minutes_otip":14.14,"start_frame":29770,"end_frame":60529,"minutes_played":51.26}]},"team_player_id":1507959,"team_id":4177,"id":133495,"first_name":"Cameron Drew","last_name":"Howieson","short_name":"C. Howieson","birthday":"1994-12-22","trackable_object":135050,"gender":"male"},{"player_role":{"id":17,"position_group":"Other","name":"Substitute","acronym":"SUB"},"start_time":null,"end_time":null,"number":41,"yellow_card":0,"red_card":0,"injured":false,"goal":0,"own_goal":0,"playing_time":{"total":null,"by_period":[]},"team_player_id":1496508,"team_id":867,"id":799453,"first_name":"Nathan","last_name":"Walker","short_name":"N. Walker","birthday":"2006-01-30","trackable_object":801016,"gender":"male"},{"player_role":{"id":17,"position_group":"Other","name":"Substitute","acronym":"SUB"},"start_time":null,"end_time":null,"number":12,"yellow_card":0,"red_card":0,"injured":false,"goal":0,"own_goal":0,"playing_time":{"total":null,"by_period":[]},"team_player_id":1204923,"team_id":867,"id":735576,"first_name":"Mohamed","last_name":"Al-Taay","short_name":"M. Al-Taay","birthday":"2000-06-15","trackable_object":737139,"gender":"male"},{"player_role":{"id":17,"position_group":"Other","name":"Substitute","acronym":"SUB"},"start_time":null,"end_time":null,"number":30,"yellow_card":0,"red_card":0,"injured":false,"goal":0,"own_goal":0,"playing_time":{"total":null,"by_period":[]},"team_player_id":1212640,"team_id":867,"id":698134,"first_name":"Alby ","last_name":"Kelly-Heald","short_name":"A. Kelly-Heald","birthday":"2005-03-18","trackable_object":699697,"gender":"male"},{"player_role":{"id":5,"position_group":"Full Back","name":"Left Wing Back","acronym":"LWB"},"start_time":"00:00:00","end_time":"01:34:37","number":19,"yellow_card":1,"red_card":0,"injured":false,"goal":0,"own_goal":0,"playing_time":{"total":{"minutes_tip":25.84,"minutes_otip":23.46,"start_frame":10,"end_frame":59539,"minutes_played":99.2,"minutes_played_regular_time":99.2},"by_period":[{"name":"period_1","minutes_tip":11.76,"minutes_otip":12.76,"start_frame":10,"end_frame":29760,"minutes_played":49.58},{"name":"period_2","minutes_tip":14.08,"minutes_otip":10.7,"start_frame":29770,"end_frame":59539,"minutes_played":49.62}]},"team_player_id":73040,"team_id":867,"id":51028,"first_name":"Sam","last_name":"Sutton","short_name":"S. Sutton","birthday":"2001-12-10","trackable_object":52154,"gender":"male"},{"player_role":{"id":3,"position_group":"Central Defender","name":"Left Center Back","acronym":"LCB"},"start_time":"00:00:00","end_time":null,"number":4,"yellow_card":0,"red_card":0,"injured":false,"goal":0,"own_goal":0,"playing_time":{"total":{"minutes_tip":25.91,"minutes_otip":23.8,"start_frame":10,"end_frame":60529,"minutes_played":100.85,"minutes_played_regular_time":100.85},"by_period":[{"name":"period_1","minutes_tip":11.76,"minutes_otip":12.76,"start_frame":10,"end_frame":29760,"minutes_played":49.58},{"name":"period_2","minutes_tip":14.14,"minutes_otip":11.04,"start_frame":29770,"end_frame":60529,"minutes_played":51.26}]},"team_player_id":1204930,"team_id":867,"id":42510,"first_name":"Scott","last_name":"Wootton","short_name":"S. Wootton","birthday":"1991-09-12","trackable_object":43636,"gender":"male"},{"player_role":{"id":16,"position_group":"Wide Attacker","name":"Right Forward","acronym":"RF"},"start_time":"00:00:00","end_time":null,"number":7,"yellow_card":1,"red_card":0,"injured":false,"goal":1,"own_goal":0,"playing_time":{"total":{"minutes_tip":25.91,"minutes_otip":23.8,"start_frame":10,"end_frame":60529,"minutes_played":100.85,"minutes_played_regular_time":100.85},"by_period":[{"name":"period_1","minutes_tip":11.76,"minutes_otip":12.76,"start_frame":10,"end_frame":29760,"minutes_played":49.58},{"name":"period_2","minutes_tip":14.14,"minutes_otip":11.04,"start_frame":29770,"end_frame":60529,"minutes_played":51.26}]},"team_player_id":21865,"team_id":867,"id":23909,"first_name":"Kosta","last_name":"Barbarouses","short_name":"K. Barbarouses","birthday":"1990-02-19","trackable_object":24867,"gender":"male"},{"player_role":{"id":0,"position_group":"Other","name":"Goalkeeper","acronym":"GK"},"start_time":"00:00:00","end_time":null,"number":1,"yellow_card":0,"red_card":0,"injured":false,"goal":0,"own_goal":0,"playing_time":{"total":{"minutes_tip":25.91,"minutes_otip":23.8,"start_frame":10,"end_frame":60529,"minutes_played":100.85,"minutes_played_regular_time":100.85},"by_period":[{"name":"period_1","minutes_tip":11.76,"minutes_otip":12.76,"start_frame":10,"end_frame":29760,"minutes_played":49.58},{"name":"period_2","minutes_tip":14.14,"minutes_otip":11.04,"start_frame":29770,"end_frame":60529,"minutes_played":51.26}]},"team_player_id":1496506,"team_id":867,"id":34718,"first_name":"Joshua","last_name":"Oluwayemi","short_name":"J. Oluwayemi","birthday":"2001-03-13","trackable_object":35835,"gender":"male"},{"player_role":{"id":2,"position_group":"Central Defender","name":"Center Back","acronym":"CB"},"start_time":"00:00:00","end_time":null,"number":15,"yellow_card":0,"red_card":0,"injured":false,"goal":0,"own_goal":1,"playing_time":{"total":{"minutes_tip":25.91,"minutes_otip":23.8,"start_frame":10,"end_frame":60529,"minutes_played":100.85,"minutes_played_regular_time":100.85},"by_period":[{"name":"period_1","minutes_tip":11.76,"minutes_otip":12.76,"start_frame":10,"end_frame":29760,"minutes_played":49.58},{"name":"period_2","minutes_tip":14.14,"minutes_otip":11.04,"start_frame":29770,"end_frame":60529,"minutes_played":51.26}]},"team_player_id":1204936,"team_id":867,"id":698137,"first_name":"Isaac","last_name":"Hughes","short_name":"I. Hughes","birthday":"2004-03-25","trackable_object":699700,"gender":"male"},{"player_role":{"id":9,"position_group":"Midfield","name":"Left Midfield","acronym":"LM"},"start_time":"00:00:00","end_time":null,"number":14,"yellow_card":1,"red_card":0,"injured":false,"goal":0,"own_goal":0,"playing_time":{"total":{"minutes_tip":25.91,"minutes_otip":23.8,"start_frame":10,"end_frame":60529,"minutes_played":100.85,"minutes_played_regular_time":100.85},"by_period":[{"name":"period_1","minutes_tip":11.76,"minutes_otip":12.76,"start_frame":10,"end_frame":29760,"minutes_played":49.58},{"name":"period_2","minutes_tip":14.14,"minutes_otip":11.04,"start_frame":29770,"end_frame":60529,"minutes_played":51.26}]},"team_player_id":73025,"team_id":867,"id":51015,"first_name":"Alex","last_name":"Rufer","short_name":"A. Rufer","birthday":"1996-06-12","trackable_object":52141,"gender":"male"},{"player_role":{"id":6,"position_group":"Full Back","name":"Right Wing Back","acronym":"RWB"},"start_time":"00:00:00","end_time":"01:00:10","number":6,"yellow_card":0,"red_card":0,"injured":false,"goal":0,"own_goal":0,"playing_time":{"total":{"minutes_tip":14.47,"minutes_otip":16.5,"start_frame":10,"end_frame":38869,"minutes_played":64.75,"minutes_played_regular_time":64.75},"by_period":[{"name":"period_1","minutes_tip":11.76,"minutes_otip":12.76,"start_frame":10,"end_frame":29760,"minutes_played":49.58},{"name":"period_2","minutes_tip":2.71,"minutes_otip":3.74,"start_frame":29770,"end_frame":38869,"minutes_played":15.16}]},"team_player_id":73028,"team_id":867,"id":51017,"first_name":"Tim","last_name":"Payne","short_name":"T. Payne","birthday":"1994-01-10","trackable_object":52143,"gender":"male"},{"player_role":{"id":10,"position_group":"Midfield","name":"Right Midfield","acronym":"RM"},"start_time":"00:00:00","end_time":"01:00:10","number":8,"yellow_card":1,"red_card":0,"injured":false,"goal":0,"own_goal":0,"playing_time":{"total":{"minutes_tip":14.47,"minutes_otip":16.5,"start_frame":10,"end_frame":38869,"minutes_played":64.75,"minutes_played_regular_time":64.75},"by_period":[{"name":"period_1","minutes_tip":11.76,"minutes_otip":12.76,"start_frame":10,"end_frame":29760,"minutes_played":49.58},{"name":"period_2","minutes_tip":2.71,"minutes_otip":3.74,"start_frame":29770,"end_frame":38869,"minutes_played":15.16}]},"team_player_id":1511560,"team_id":867,"id":51046,"first_name":"Paulo","last_name":"Retre","short_name":"P. Retre","birthday":"1993-03-04","trackable_object":52172,"gender":"male"},{"player_role":{"id":17,"position_group":"Other","name":"Substitute","acronym":"SUB"},"start_time":null,"end_time":null,"number":1,"yellow_card":0,"red_card":0,"injured":false,"goal":0,"own_goal":0,"playing_time":{"total":null,"by_period":[]},"team_player_id":1507962,"team_id":4177,"id":14355,"first_name":"Michael","last_name":"Woud","short_name":"M. Woud","birthday":"1999-01-16","trackable_object":14552,"gender":"male"},{"player_role":{"id":17,"position_group":"Other","name":"Substitute","acronym":"SUB"},"start_time":null,"end_time":null,"number":9,"yellow_card":0,"red_card":0,"injured":false,"goal":0,"own_goal":0,"playing_time":{"total":null,"by_period":[]},"team_player_id":1507964,"team_id":4177,"id":163972,"first_name":"Max","last_name":"Mata","short_name":"M. Mata","birthday":"2000-07-10","trackable_object":165527,"gender":"male"},{"player_role":{"id":17,"position_group":"Other","name":"Substitute","acronym":"SUB"},"start_time":null,"end_time":null,"number":17,"yellow_card":0,"red_card":0,"injured":false,"goal":0,"own_goal":0,"playing_time":{"total":null,"by_period":[]},"team_player_id":1507968,"team_id":4177,"id":51713,"first_name":"Callan","last_name":"Elliot","short_name":"C. Elliott","birthday":"1999-07-07","trackable_object":52839,"gender":"male"},{"player_role":{"id":3,"position_group":"Central Defender","name":"Left Center Back","acronym":"LCB"},"start_time":"00:00:00","end_time":null,"number":4,"yellow_card":0,"red_card":0,"injured":false,"goal":1,"own_goal":0,"playing_time":{"total":{"minutes_tip":23.8,"minutes_otip":25.91,"start_frame":10,"end_frame":60529,"minutes_played":100.85,"minutes_played_regular_time":100.85},"by_period":[{"name":"period_1","minutes_tip":12.76,"minutes_otip":11.76,"start_frame":10,"end_frame":29760,"minutes_played":49.58},{"name":"period_2","minutes_tip":11.04,"minutes_otip":14.14,"start_frame":29770,"end_frame":60529,"minutes_played":51.26}]},"team_player_id":1507971,"team_id":4177,"id":33697,"first_name":"Nando","last_name":"Pijnaker","short_name":"N. Pijnaker","birthday":"1999-02-25","trackable_object":34805,"gender":"male"},{"player_role":{"id":20,"position_group":"Full Back","name":"Right Back","acronym":"RB"},"start_time":"00:00:00","end_time":null,"number":2,"yellow_card":0,"red_card":0,"injured":false,"goal":0,"own_goal":0,"playing_time":{"total":{"minutes_tip":23.8,"minutes_otip":25.91,"start_frame":10,"end_frame":60529,"minutes_played":100.85,"minutes_played_regular_time":100.85},"by_period":[{"name":"period_1","minutes_tip":12.76,"minutes_otip":11.76,"start_frame":10,"end_frame":29760,"minutes_played":49.58},{"name":"period_2","minutes_tip":11.04,"minutes_otip":14.14,"start_frame":29770,"end_frame":60529,"minutes_played":51.26}]},"team_player_id":1507958,"team_id":4177,"id":4322,"first_name":"Hiroki","last_name":"Sakai","short_name":"H. Sakai","birthday":"1990-04-12","trackable_object":4332,"gender":"male"},{"player_role":{"id":15,"position_group":"Center Forward","name":"Center Forward","acronym":"CF"},"start_time":"00:00:00","end_time":null,"number":10,"yellow_card":0,"red_card":0,"injured":false,"goal":0,"own_goal":0,"playing_time":{"total":{"minutes_tip":23.8,"minutes_otip":25.91,"start_frame":10,"end_frame":60529,"minutes_played":100.85,"minutes_played_regular_time":100.85},"by_period":[{"name":"period_1","minutes_tip":12.76,"minutes_otip":11.76,"start_frame":10,"end_frame":29760,"minutes_played":49.58},{"name":"period_2","minutes_tip":11.04,"minutes_otip":14.14,"start_frame":29770,"end_frame":60529,"minutes_played":51.26}]},"team_player_id":1507965,"team_id":4177,"id":38673,"first_name":"Guillermo Luis","last_name":"May Bartesaghi","short_name":"G. May","birthday":"1998-03-11","trackable_object":39794,"gender":"male"},{"player_role":{"id":9,"position_group":"Midfield","name":"Left Midfield","acronym":"LM"},"start_time":"00:00:00","end_time":null,"number":28,"yellow_card":0,"red_card":0,"injured":false,"goal":0,"own_goal":0,"playing_time":{"total":{"minutes_tip":23.8,"minutes_otip":25.91,"start_frame":10,"end_frame":60529,"minutes_played":100.85,"minutes_played_regular_time":100.85},"by_period":[{"name":"period_1","minutes_tip":12.76,"minutes_otip":11.76,"start_frame":10,"end_frame":29760,"minutes_played":49.58},{"name":"period_2","minutes_tip":11.04,"minutes_otip":14.14,"start_frame":29770,"end_frame":60529,"minutes_played":51.26}]},"team_player_id":1507957,"team_id":4177,"id":23418,"first_name":"Luis Felipe","last_name":"Gallegos Leiva","short_name":"F. Gallegos","birthday":"1991-12-03","trackable_object":24342,"gender":"male"},{"player_role":{"id":19,"position_group":"Full Back","name":"Left Back","acronym":"LB"},"start_time":"00:00:00","end_time":null,"number":15,"yellow_card":0,"red_card":0,"injured":false,"goal":0,"own_goal":0,"playing_time":{"total":{"minutes_tip":23.8,"minutes_otip":25.91,"start_frame":10,"end_frame":60529,"minutes_played":100.85,"minutes_played_regular_time":100.85},"by_period":[{"name":"period_1","minutes_tip":12.76,"minutes_otip":11.76,"start_frame":10,"end_frame":29760,"minutes_played":49.58},{"name":"period_2","minutes_tip":11.04,"minutes_otip":14.14,"start_frame":29770,"end_frame":60529,"minutes_played":51.26}]},"team_player_id":1507956,"team_id":4177,"id":133498,"first_name":"Francis","last_name":"De Vries","short_name":"F. De Vries","birthday":"1994-11-28","trackable_object":135053,"gender":"male"},{"player_role":{"id":4,"position_group":"Central Defender","name":"Right Center Back","acronym":"RCB"},"start_time":"00:00:00","end_time":null,"number":23,"yellow_card":0,"red_card":0,"injured":false,"goal":0,"own_goal":0,"playing_time":{"total":{"minutes_tip":23.8,"minutes_otip":25.91,"start_frame":10,"end_frame":60529,"minutes_played":100.85,"minutes_played_regular_time":100.85},"by_period":[{"name":"period_1","minutes_tip":12.76,"minutes_otip":11.76,"start_frame":10,"end_frame":29760,"minutes_played":49.58},{"name":"period_2","minutes_tip":11.04,"minutes_otip":14.14,"start_frame":29770,"end_frame":60529,"minutes_played":51.26}]},"team_player_id":1507974,"team_id":4177,"id":51667,"first_name":"Daniel","last_name":"Hall","short_name":"D. Hall","birthday":"1999-06-14","trackable_object":52793,"gender":"male"},{"player_role":{"id":0,"position_group":"Other","name":"Goalkeeper","acronym":"GK"},"start_time":"00:00:00","end_time":null,"number":12,"yellow_card":0,"red_card":0,"injured":false,"goal":0,"own_goal":0,"playing_time":{"total":{"minutes_tip":23.8,"minutes_otip":25.91,"start_frame":10,"end_frame":60529,"minutes_played":100.85,"minutes_played_regular_time":100.85},"by_period":[{"name":"period_1","minutes_tip":12.76,"minutes_otip":11.76,"start_frame":10,"end_frame":29760,"minutes_played":49.58},{"name":"period_2","minutes_tip":11.04,"minutes_otip":14.14,"start_frame":29770,"end_frame":60529,"minutes_played":51.26}]},"team_player_id":1507970,"team_id":4177,"id":285188,"first_name":"Alex Noah","last_name":"Paulsen","short_name":"A. Paulsen","birthday":"2002-07-04","trackable_object":286745,"gender":"male"}],"status":"closed","home_team_side":["right_to_left","left_to_right"],"ball":{"trackable_object":55},"pitch_length":104,"pitch_width":68}