{"id":2015213,"home_team_score":4,"away_team_score":2,"date_time":"2025-05-03T08:00:00Z","stadium":{"id":3837,"name":"Ironbark Fields","city":"Melbourne","capacity":5000},"home_team":{"id":1803,"name":"Western United","short_name":"Western United","acronym":"WEU"},"home_team_kit":{"id":4239,"team_id":1803,"season":{"id":7,"start_year":2020,"end_year":2021,"name":"2020/2021"},"name":"Home","jersey_color":"#000000","number_color":"#ffffff"},"away_team":{"id":4177,"name":"Auckland FC","short_name":"Auckland FC","acronym":"AUC"},"away_team_kit":{"id":14075,"team_id":4177,"season":{"id":95,"start_year":2024,"end_year":2025,"name":"2024/2025"},"name":"away","jersey_color":"#ffffff","number_color":"#000000"},"home_team_coach":null,"away_team_coach":null,"home_team_playing_time":{"minutes_tip":21.34,"minutes_otip":30.63},"away_team_playing_time":{"minutes_tip":30.63,"minutes_otip":21.34},"competition_edition":{"id":870,"competition":{"id":61,"area":"AUS","name":"A-League","gender":"male","age_group":"adult"},"season":{"id":95,"start_year":2024,"end_year":2025,"name":"2024/2025"},"name":"AUS - A-League - 2024/2025"},"match_periods":[{"period":1,"name":"period_1","start_frame":2210,"end_frame":31040,"duration_frames":28830,"duration_minutes":48.05},{"period":2,"name":"period_2","start_frame":40280,"end_frame":71350,"duration_frames":31070,"duration_minutes":51.78}],"competition_round":{"id":4723,"name":"","round_number":29,"potential_overtime":false},"referees":[],"players":[{"player_role":{"id":20,"position_group":"Full Back","name":"Right Back","acronym":"RB"},"start_time":"00:48:03","end_time":null,"number":17,"yellow_card":0,"red_card":0,"injured":false,"goal":0,"own_goal":0,"playing_time":{"total":{"minutes_tip":14.16,"minutes_otip":8.25,"start_frame":40280,"end_frame":71349,"minutes_played":51.78,"minutes_played_regular_time":51.78},"by_period":[{"name":"period_2","minutes_tip":14.16,"minutes_otip":8.25,"start_frame":40280,"end_frame":71349,"minutes_played":51.78}]},"team_player_id":1507968,"team_id":4177,"id":51713,"first_name":"Callan","last_name":"Elliot","short_name":"C. Elliott","birthday":"1999-07-07","trackable_object":52839,"gender":"male"},{"player_role":{"id":15,"position_group":"Center Forward","name":"Center Forward","acronym":"CF"},"start_time":"00:00:00","end_time":null,"number":10,"yellow_card":0,"red_card":0,"injured":false,"goal":0,"own_goal":0,"playing_time":{"total":{"minutes_tip":30.63,"minutes_otip":21.34,"start_frame":2210,"end_frame":71349,"minutes_played":99.83,"minutes_played_regular_time":99.83},"by_period":[{"name":"period_1","minutes_tip":16.46,"minutes_otip":13.1,"start_frame":2210,"end_frame":31040,"minutes_played":48.05},{"name":"period_2","minutes_tip":14.16,"minutes_otip":8.25,"start_frame":40280,"end_frame":71349,"minutes_played":51.78}]},"team_player_id":1507965,"team_id":4177,"id":38673,"first_name":"Guillermo Luis","last_name":"May Bartesaghi","short_name":"G. May","birthday":"1998-03-11","trackable_object":39794,"gender":"male"},{"player_role":{"id":12,"position_group":"Wide Attacker","name":"Left Winger","acronym":"LW"},"start_time":"00:00:00","end_time":"01:25:04","number":10,"yellow_card":0,"red_card":0,"injured":false,"goal":0,"own_goal":0,"playing_time":{"total":{"minutes_tip":19.14,"minutes_otip":28.15,"start_frame":2210,"end_frame":64319,"minutes_played":88.12,"minutes_played_regular_time":88.12},"by_period":[{"name":"period_1","minutes_tip":13.1,"minutes_otip":16.46,"start_frame":2210,"end_frame":31040,"minutes_played":48.05},{"name":"period_2","minutes_tip":6.04,"minutes_otip":11.68,"start_frame":40280,"end_frame":64319,"minutes_played":40.06}]},"team_player_id":1204918,"team_id":1803,"id":795527,"first_name":"Matthew","last_name":"Grimaldi","short_name":"M. Grimaldi","birthday":"2003-11-28","trackable_object":797090,"gender":"male"},{"player_role":{"id":20,"position_group":"Full Back","name":"Right Back","acronym":"RB"},"start_time":"00:00:00","end_time":null,"number":6,"yellow_card":0,"red_card":0,"injured":false,"goal":0,"own_goal":0,"playing_time":{"total":{"minutes_tip":21.34,"minutes_otip":30.63,"start_frame":2210,"end_frame":71349,"minutes_played":99.83,"minutes_played_regular_time":99.83},"by_period":[{"name":"period_1","minutes_tip":13.1,"minutes_otip":16.46,"start_frame":2210,"end_frame":31040,"minutes_played":48.05},{"name":"period_2","minutes_tip":8.25,"minutes_otip":14.16,"start_frame":40280,"end_frame":71349,"minutes_played":51.78}]},"team_player_id":73015,"team_id":1803,"id":51008,"first_name":"Tomoki","last_name":"Imai","short_name":"T. Imai","birthday":"1990-11-29","trackable_object":52134,"gender":"male"},{"player_role":{"id":10,"position_group":"Midfield","name":"Right Midfield","acronym":"RM"},"start_time":"00:45:00","end_time":null,"number":44,"yellow_card":0,"red_card":0,"injured":false,"goal":0,"own_goal":0,"playing_time":{"total":{"minutes_tip":8.25,"minutes_otip":14.16,"start_frame":40280,"end_frame":71349,"minutes_played":51.78,"minutes_played_regular_time":51.78},"by_period":[{"name":"period_2","minutes_tip":8.25,"minutes_otip":14.16,"start_frame":40280,"end_frame":71349,"minutes_played":51.78}]},"team_player_id":1233131,"team_id":1803,"id":809670,"first_name":"Jordan","last_name":"Lauton","short_name":"J. Lauton","birthday":"2003-04-01","trackable_object":811233,"gender":"male"},{"player_role":{"id":10,"position_group":"Midfield","name":"Right Midfield","acronym":"RM"},"start_time":"00:00:00","end_time":"00:45:00","number":23,"yellow_card":0,"red_card":0,"injured":false,"goal":0,"own_goal":0,"playing_time":{"total":{"minutes_tip":13.1,"minutes_otip":16.46,"start_frame":2210,"end_frame":31039,"minutes_played":48.05,"minutes_played_regular_time":48.05},"by_period":[{"name":"period_1","minutes_tip":13.1,"minutes_otip":16.46,"start_frame":2210,"end_frame":31039,"minutes_played":48.05}]},"team_player_id":828228,"team_id":1803,"id":560917,"first_name":"Rhys","last_name":"Bozinovski","short_name":"R. Bozinovski","birthday":"2004-07-03","trackable_object":562474,"gender":"male"},{"player_role":{"id":15,"position_group":"Center Forward","name":"Center Forward","acronym":"CF"},"start_time":"01:11:13","end_time":null,"number":5,"yellow_card":0,"red_card":0,"injured":false,"goal":1,"own_goal":0,"playing_time":{"total":{"minutes_tip":3.77,"minutes_otip":6.64,"start_frame":56010,"end_frame":71349,"minutes_played":25.56,"minutes_played_regular_time":25.56},"by_period":[{"name":"period_2","minutes_tip":3.77,"minutes_otip":6.64,"start_frame":56010,"end_frame":71349,"minutes_played":25.56}]},"team_player_id":1256018,"team_id":1803,"id":818284,"first_name":"Oliver","last_name":"Lavale","short_name":"O. Lavale","birthday":"2005-04-05","trackable_object":819847,"gender":"male"},{"player_role":{"id":15,"position_group":"Center Forward","name":"Center Forward","acronym":"CF"},"start_time":"00:00:00","end_time":"01:11:13","number":24,"yellow_card":1,"red_card":0,"injured":false,"goal":1,"own_goal":0,"playing_time":{"total":{"minutes_tip":17.57,"minutes_otip":23.99,"start_frame":2210,"end_frame":56009,"minutes_played":74.26,"minutes_played_regular_time":74.26},"by_period":[{"name":"period_1","minutes_tip":13.1,"minutes_otip":16.46,"start_frame":2210,"end_frame":31040,"minutes_played":48.05},{"name":"period_2","minutes_tip":4.47,"minutes_otip":7.52,"start_frame":40280,"end_frame":56009,"minutes_played":26.22}]},"team_player_id":1204921,"team_id":1803,"id":795529,"first_name":"Michael","last_name":"Ruhs","short_name":"M. Ruhs","birthday":"2002-08-27","trackable_object":797092,"gender":"male"},{"player_role":{"id":3,"position_group":"Central Defender","name":"Left Center Back","acronym":"LCB"},"start_time":"01:20:27","end_time":null,"number":5,"yellow_card":0,"red_card":0,"injured":false,"goal":0,"own_goal":0,"playing_time":{"total":{"minutes_tip":3.98,"minutes_otip":2.49,"start_frame":61550,"end_frame":71349,"minutes_played":16.33,"minutes_played_regular_time":16.33},"by_period":[{"name":"period_2","minutes_tip":3.98,"minutes_otip":2.49,"start_frame":61550,"end_frame":71349,"minutes_played":16.33}]},"team_player_id":1507955,"team_id":4177,"id":31147,"first_name":"Tommy","last_name":"Smith","short_name":"T. Smith","birthday":"1990-03-31","trackable_object":32245,"gender":"male"},{"player_role":{"id":15,"position_group":"Center Forward","name":"Center Forward","acronym":"CF"},"start_time":"01:09:12","end_time":null,"number":21,"yellow_card":0,"red_card":0,"injured":false,"goal":1,"own_goal":0,"playing_time":{"total":{"minutes_tip":7.44,"minutes_otip":4.28,"start_frame":54800,"end_frame":71349,"minutes_played":27.58,"minutes_played_regular_time":27.58},"by_period":[{"name":"period_2","minutes_tip":7.44,"minutes_otip":4.28,"start_frame":54800,"end_frame":71349,"minutes_played":27.58}]},"team_player_id":1507972,"team_id":4177,"id":624628,"first_name":"Jesse","last_name":"Randall","short_name":"J. Randall","birthday":"2002-08-19","trackable_object":626185,"gender":"male"},{"player_role":{"id":12,"position_group":"Wide Attacker","name":"Left Winger","acronym":"LW"},"start_time":"00:48:03","end_time":null,"number":25,"yellow_card":0,"red_card":0,"injured":false,"goal":1,"own_goal":0,"playing_time":{"total":{"minutes_tip":14.16,"minutes_otip":8.25,"start_frame":40280,"end_frame":71349,"minutes_played":51.78,"minutes_played_regular_time":51.78},"by_period":[{"name":"period_2","minutes_tip":14.16,"minutes_otip":8.25,"start_frame":40280,"end_frame":71349,"minutes_played":51.78}]},"team_player_id":1507969,"team_id":4177,"id":43829,"first_name":"Neyder Stiven","last_name":"Moreno Betancur","short_name":"N. Moreno","birthday":"1997-02-09","trackable_object":44955,"gender":"male"},{"player_role":{"id":9,"position_group":"Midfield","name":"Left Midfield","acronym":"LM"},"start_time":"00:48:03","end_time":null,"number":22,"yellow_card":0,"red_card":0,"injured":false,"goal":0,"own_goal":0,"playing_time":{"total":{"minutes_tip":14.16,"minutes_otip":8.25,"start_frame":40280,"end_frame":71349,"minutes_played":51.78,"minutes_played_regular_time":51.78},"by_period":[{"name":"period_2","minutes_tip":14.16,"minutes_otip":8.25,"start_frame":40280,"end_frame":71349,"minutes_played":51.78}]},"team_player_id":1507963,"team_id":4177,"id":50951,"first_name":"Jake","last_name":"Brimmer","short_name":"J. Brimmer","birthday":"1998-04-03","trackable_object":52077,"gender":"male"},{"player_role":{"id":13,"position_group":"Wide Attacker","name":"Right Winger","acronym":"RW"},"start_time":"01:25:04","end_time":null,"number":7,"yellow_card":0,"red_card":0,"injured":false,"goal":0,"own_goal":0,"playing_time":{"total":{"minutes_tip":2.2,"minutes_otip":2.48,"start_frame":64320,"end_frame":71349,"minutes_played":11.72,"minutes_played_regular_time":11.72},"by_period":[{"name":"period_2","minutes_tip":2.2,"minutes_otip":2.48,"start_frame":64320,"end_frame":71349,"minutes_played":11.72}]},"team_player_id":1204922,"team_id":1803,"id":51690,"first_name":"Ramy","last_name":"Najjarine","short_name":"R. Najjarine","birthday":"2000-04-23","trackable_object":52816,"gender":"male"},{"player_role":{"id":20,"position_group":"Full Back","name":"Right Back","acronym":"RB"},"start_time":"01:22:37","end_time":null,"number":29,"yellow_card":0,"red_card":0,"injured":false,"goal":0,"own_goal":0,"playing_time":{"total":{"minutes_tip":2.29,"minutes_otip":3.63,"start_frame":62850,"end_frame":71349,"minutes_played":14.16,"minutes_played_regular_time":14.16},"by_period":[{"name":"period_2","minutes_tip":2.29,"minutes_otip":3.63,"start_frame":62850,"end_frame":71349,"minutes_played":14.16}]},"team_player_id":1235262,"team_id":1803,"id":810406,"first_name":"Charbel","last_name":"Shamoon","short_name":"C. Shamoon","birthday":"2004-02-10","trackable_object":811969,"gender":"male"},{"player_role":{"id":12,"position_group":"Wide Attacker","name":"Left Winger","acronym":"LW"},"start_time":"01:11:13","end_time":null,"number":20,"yellow_card":1,"red_card":0,"injured":false,"goal":0,"own_goal":0,"playing_time":{"total":{"minutes_tip":3.77,"minutes_otip":6.64,"start_frame":56010,"end_frame":71349,"minutes_played":25.56,"minutes_played_regular_time":25.56},"by_period":[{"name":"period_2","minutes_tip":3.77,"minutes_otip":6.64,"start_frame":56010,"end_frame":71349,"minutes_played":25.56}]},"team_player_id":1256633,"team_id":1803,"id":818554,"first_name":"Abel","last_name":"Walatee","short_name":"A. Walatee","birthday":"2004-02-22","trackable_object":820117,"gender":"male"},{"player_role":{"id":17,"position_group":"Other","name":"Substitute","acronym":"SUB"},"start_time":null,"end_time":null,"number":1,"yellow_card":0,"red_card":0,"injured":false,"goal":0,"own_goal":0,"playing_time":{"total":null,"by_period":[]},"team_player_id":1507962,"team_id":4177,"id":14355,"first_name":"Michael","last_name":"Woud","short_name":"M. Woud","birthday":"1999-01-16","trackable_object":14552,"gender":"male"},{"player_role":{"id":17,"position_group":"Other","name":"Substitute","acronym":"SUB"},"start_time":null,"end_time":null,"number":7,"yellow_card":0,"red_card":0,"injured":false,"goal":0,"own_goal":0,"playing_time":{"total":null,"by_period":[]},"team_player_id":1507959,"team_id":4177,"id":133495,"first_name":"Cameron Drew","last_name":"Howieson","short_name":"C. Howieson","birthday":"1994-12-22","trackable_object":135050,"gender":"male"},{"player_role":{"id":10,"position_group":"Midfield","name":"Right Midfield","acronym":"RM"},"start_time":"00:00:00","end_time":null,"number":6,"yellow_card":0,"red_card":0,"injured":false,"goal":0,"own_goal":0,"playing_time":{"total":{"minutes_tip":30.63,"minutes_otip":21.34,"start_frame":2210,"end_frame":71349,"minutes_played":99.83,"minutes_played_regular_time":99.83},"by_period":[{"name":"period_1","minutes_tip":16.46,"minutes_otip":13.1,"start_frame":2210,"end_frame":31040,"minutes_played":48.05},{"name":"period_2","minutes_tip":14.16,"minutes_otip":8.25,"start_frame":40280,"end_frame":71349,"minutes_played":51.78}]},"team_player_id":1507966,"team_id":4177,"id":14736,"first_name":"Louis","last_name":"Verstraete","short_name":"L. Verstraete","birthday":"1999-05-04","trackable_object":14933,"gender":"male"},{"player_role":{"id":13,"position_group":"Wide Attacker","name":"Right Winger","acronym":"RW"},"start_time":"00:00:00","end_time":null,"number":27,"yellow_card":0,"red_card":0,"injured":false,"goal":0,"own_goal":0,"playing_time":{"total":{"minutes_tip":30.63,"minutes_otip":21.34,"start_frame":2210,"end_frame":71349,"minutes_played":99.83,"minutes_played_regular_time":99.83},"by_period":[{"name":"period_1","minutes_tip":16.46,"minutes_otip":13.1,"start_frame":2210,"end_frame":31040,"minutes_played":48.05},{"name":"period_2","minutes_tip":14.16,"minutes_otip":8.25,"start_frame":40280,"end_frame":71349,"minutes_played":51.78}]},"team_player_id":1507961,"team_id":4177,"id":133501,"first_name":"Logan","last_name":"Rogerson","short_name":"L. Rogerson","birthday":"1998-05-28","trackable_object":135056,"gender":"male"},{"player_role":{"id":20,"position_group":"Full Back","name":"Right Back","acronym":"RB"},"start_time":"00:00:00","end_time":null,"number":2,"yellow_card":0,"red_card":0,"injured":false,"goal":0,"own_goal":0,"playing_time":{"total":{"minutes_tip":30.63,"minutes_otip":21.34,"start_frame":2210,"end_frame":71349,"minutes_played":99.83,"minutes_played_regular_time":99.83},"by_period":[{"name":"period_1","minutes_tip":16.46,"minutes_otip":13.1,"start_frame":2210,"end_frame":31040,"minutes_played":48.05},{"name":"period_2","minutes_tip":14.16,"minutes_otip":8.25,"start_frame":40280,"end_frame":71349,"minutes_played":51.78}]},"team_player_id":1507958,"team_id":4177,"id":4322,"first_name":"Hiroki","last_name":"Sakai","short_name":"H. Sakai","birthday":"1990-04-12","trackable_object":4332,"gender":"male"},{"player_role":{"id":4,"position_group":"Central Defender","name":"Right Center Back","acronym":"RCB"},"start_time":"00:00:00","end_time":null,"number":23,"yellow_card":0,"red_card":0,"injured":false,"goal":0,"own_goal":0,"playing_time":{"total":{"minutes_tip":30.63,"minutes_otip":21.34,"start_frame":2210,"end_frame":71349,"minutes_played":99.83,"minutes_played_regular_time":99.83},"by_period":[{"name":"period_1","minutes_tip":16.46,"minutes_otip":13.1,"start_frame":2210,"end_frame":31040,"minutes_played":48.05},{"name":"period_2","minutes_tip":14.16,"minutes_otip":8.25,"start_frame":40280,"end_frame":71349,"minutes_played":51.78}]},"team_player_id":1507974,"team_id":4177,"id":51667,"first_name":"Daniel","last_name":"Hall","short_name":"D. Hall","birthday":"1999-06-14","trackable_object":52793,"gender":"male"},{"player_role":{"id":0,"position_group":"Other","name":"Goalkeeper","acronym":"GK"},"start_time":"00:00:00","end_time":null,"number":12,"yellow_card":0,"red_card":0,"injured":false,"goal":0,"own_goal":0,"playing_time":{"total":{"minutes_tip":30.63,"minutes_otip":21.34,"start_frame":2210,"end_frame":71349,"minutes_played":99.83,"minutes_played_regular_time":99.83},"by_period":[{"name":"period_1","minutes_tip":16.46,"minutes_otip":13.1,"start_frame":2210,"end_frame":31040,"minutes_played":48.05},{"name":"period_2","minutes_tip":14.16,"minutes_otip":8.25,"start_frame":40280,"end_frame":71349,"minutes_played":51.78}]},"team_player_id":1507970,"team_id":4177,"id":285188,"first_name":"Alex Noah","last_name":"Paulsen","short_name":"A. Paulsen","birthday":"2002-07-04","trackable_object":286745,"gender":"male"},{"player_role":{"id":3,"position_group":"Central Defender","name":"Left Center Back","acronym":"LCB"},"start_time":"00:00:00","end_time":"01:20:27","number":4,"yellow_card":0,"red_card":0,"injured":false,"goal":0,"own_goal":0,"playing_time":{"total":{"minutes_tip":26.65,"minutes_otip":18.85,"start_frame":2210,"end_frame":61549,"minutes_played":83.5,"minutes_played_regular_time":83.5},"by_period":[{"name":"period_1","minutes_tip":16.46,"minutes_otip":13.1,"start_frame":2210,"end_frame":31040,"minutes_played":48.05},{"name":"period_2","minutes_tip":10.18,"minutes_otip":5.76,"start_frame":40280,"end_frame":61549,"minutes_played":35.45}]},"team_player_id":1507971,"team_id":4177,"id":33697,"first_name":"Nando","last_name":"Pijnaker","short_name":"N. Pijnaker","birthday":"1999-02-25","trackable_object":34805,"gender":"male"},{"player_role":{"id":15,"position_group":"Center Forward","name":"Center Forward","acronym":"CF"},"start_time":"00:00:00","end_time":"01:09:12","number":9,"yellow_card":0,"red_card":0,"injured":false,"goal":0,"own_goal":0,"playing_time":{"total":{"minutes_tip":23.2,"minutes_otip":17.06,"start_frame":2210,"end_frame":54799,"minutes_played":72.25,"minutes_played_regular_time":72.25},"by_period":[{"name":"period_1","minutes_tip":16.46,"minutes_otip":13.1,"start_frame":2210,"end_frame":31040,"minutes_played":48.05},{"name":"period_2","minutes_tip":6.73,"minutes_otip":3.96,"start_frame":40280,"end_frame":54799,"minutes_played":24.2}]},"team_player_id":1507964,"team_id":4177,"id":163972,"first_name":"Max","last_name":"Mata","short_name":"M. Mata","birthday":"2000-07-10","trackable_object":165527,"gender":"male"},{"player_role":{"id":12,"position_group":"Wide Attacker","name":"Left Winger","acronym":"LW"},"start_time":"00:00:00","end_time":"00:48:03","number":11,"yellow_card":0,"red_card":0,"injured":false,"goal":0,"own_goal":0,"playing_time":{"total":{"minutes_tip":16.46,"minutes_otip":13.1,"start_frame":2210,"end_frame":31039,"minutes_played":48.05,"minutes_played_regular_time":48.05},"by_period":[{"name":"period_1","minutes_tip":16.46,"minutes_otip":13.1,"start_frame":2210,"end_frame":31039,"minutes_played":48.05}]},"team_player_id":1521584,"team_id":4177,"id":582974,"first_name":"Marlee","last_name":"Francois","short_name":"M. Francois","birthday":"2002-12-29","trackable_object":584531,"gender":"male"},{"player_role":{"id":9,"position_group":"Midfield","name":"Left Midfield","acronym":"LM"},"start_time":"00:00:00","end_time":"00:48:03","number":28,"yellow_card":0,"red_card":0,"injured":false,"goal":0,"own_goal":0,"playing_time":{"total":{"minutes_tip":16.46,"minutes_otip":13.1,"start_frame":2210,"end_frame":31039,"minutes_played":48.05,"minutes_played_regular_time":48.05},"by_period":[{"name":"period_1","minutes_tip":16.46,"minutes_otip":13.1,"start_frame":2210,"end_frame":31039,"minutes_played":48.05}]},"team_player_id":1507957,"team_id":4177,"id":23418,"first_name":"Luis Felipe","last_name":"Gallegos Leiva","short_name":"F. Gallegos","birthday":"1991-12-03","trackable_object":24342,"gender":"male"},{"player_role":{"id":19,"position_group":"Full Back","name":"Left Back","acronym":"LB"},"start_time":"00:00:00","end_time":"00:48:03","number":15,"yellow_card":1,"red_card":0,"injured":false,"goal":0,"own_goal":0,"playing_time":{"total":{"minutes_tip":16.46,"minutes_otip":13.1,"start_frame":2210,"end_frame":31039,"minutes_played":48.05,"minutes_played_regular_time":48.05},"by_period":[{"name":"period_1","minutes_tip":16.46,"minutes_otip":13.1,"start_frame":2210,"end_frame":31039,"minutes_played":48.05}]},"team_player_id":1507956,"team_id":4177,"id":133498,"first_name":"Francis","last_name":"De Vries","short_name":"F. De Vries","birthday":"1994-11-28","trackable_object":135053,"gender":"male"},{"player_role":{"id":17,"position_group":"Other","name":"Substitute","acronym":"SUB"},"start_time":null,"end_time":null,"number":70,"yellow_card":0,"red_card":0,"injured":false,"goal":0,"own_goal":0,"playing_time":{"total":null,"by_period":[]},"team_player_id":1239534,"team_id":1803,"id":811891,"first_name":"Michael","last_name":"Vonja","short_name":"M. Vonja","birthday":"2006-01-12","trackable_object":813454,"gender":"male"},{"player_role":{"id":17,"position_group":"Other","name":"Substitute","acronym":"SUB"},"start_time":null,"end_time":null,"number":37,"yellow_card":0,"red_card":0,"injured":false,"goal":0,"own_goal":0,"playing_time":{"total":null,"by_period":[]},"team_player_id":1236800,"team_id":1803,"id":811052,"first_name":"Luke","last_name":"Vickery","short_name":"L. Vickery","birthday":"2005-10-25","trackable_object":812615,"gender":"male"},{"player_role":{"id":15,"position_group":"Center Forward","name":"Center Forward","acronym":"CF"},"start_time":"00:00:00","end_time":null,"number":19,"yellow_card":0,"red_card":0,"injured":false,"goal":1,"own_goal":0,"playing_time":{"total":{"minutes_tip":21.34,"minutes_otip":30.63,"start_frame":2210,"end_frame":71349,"minutes_played":99.83,"minutes_played_regular_time":99.83},"by_period":[{"name":"period_1","minutes_tip":13.1,"minutes_otip":16.46,"start_frame":2210,"end_frame":31040,"minutes_played":48.05},{"name":"period_2","minutes_tip":8.25,"minutes_otip":14.16,"start_frame":40280,"end_frame":71349,"minutes_played":51.78}]},"team_player_id":828226,"team_id":1803,"id":560916,"first_name":"Noah","last_name":"Botić","short_name":"N. Botić","birthday":"2002-01-11","trackable_object":562473,"gender":"male"},{"player_role":{"id":0,"position_group":"Other","name":"Goalkeeper","acronym":"GK"},"start_time":"00:00:00","end_time":null,"number":33,"yellow_card":0,"red_card":0,"injured":false,"goal":0,"own_goal":0,"playing_time":{"total":{"minutes_tip":21.34,"minutes_otip":30.63,"start_frame":2210,"end_frame":71349,"minutes_played":99.83,"minutes_played_regular_time":99.83},"by_period":[{"name":"period_1","minutes_tip":13.1,"minutes_otip":16.46,"start_frame":2210,"end_frame":31040,"minutes_played":48.05},{"name":"period_2","minutes_tip":8.25,"minutes_otip":14.16,"start_frame":40280,"end_frame":71349,"minutes_played":51.78}]},"team_player_id":1204919,"team_id":1803,"id":159946,"first_name":"Matthew","last_name":"Sutton","short_name":"M. Sutton","birthday":"2000-03-07","trackable_object":161501,"gender":"male"},{"player_role":{"id":4,"position_group":"Central Defender","name":"Right Center Back","acronym":"RCB"},"start_time":"00:00:00","end_time":null,"number":4,"yellow_card":0,"red_card":0,"injured":false,"goal":0,"own_goal":0,"playing_time":{"total":{"minutes_tip":21.34,"minutes_otip":30.63,"start_frame":2210,"end_frame":71349,"minutes_played":99.83,"minutes_played_regular_time":99.83},"by_period":[{"name":"period_1","minutes_tip":13.1,"minutes_otip":16.46,"start_frame":2210,"end_frame":31040,"minutes_played":48.05},{"name":"period_2","minutes_tip":8.25,"minutes_otip":14.16,"start_frame":40280,"end_frame":71349,"minutes_played":51.78}]},"team_player_id":1235261,"team_id":1803,"id":23883,"first_name":"James","last_name":"Donachie","short_name":"J. Donachie","birthday":"1993-05-14","trackable_object":24840,"gender":"male"},{"player_role":{"id":3,"position_group":"Central Defender","name":"Left Center Back","acronym":"LCB"},"start_time":"00:00:00","end_time":null,"number":30,"yellow_card":0,"red_card":0,"injured":false,"goal":0,"own_goal":0,"playing_time":{"total":{"minutes_tip":21.34,"minutes_otip":30.63,"start_frame":2210,"end_frame":71349,"minutes_played":99.83,"minutes_played_regular_time":99.83},"by_period":[{"name":"period_1","minutes_tip":13.1,"minutes_otip":16.46,"start_frame":2210,"end_frame":31040,"minutes_played":48.05},{"name":"period_2","minutes_tip":8.25,"minutes_otip":14.16,"start_frame":40280,"end_frame":71349,"minutes_played":51.78}]},"team_player_id":1496514,"team_id":1803,"id":957737,"first_name":"Dylan","last_name":"Leonard","short_name":"D. Leonard","birthday":"2007-08-30","trackable_object":959300,"gender":"male"},{"player_role":{"id":19,"position_group":"Full Back","name":"Left Back","acronym":"LB"},"start_time":"00:00:00","end_time":null,"number":17,"yellow_card":0,"red_card":0,"injured":false,"goal":0,"own_goal":0,"playing_time":{"total":{"minutes_tip":21.34,"minutes_otip":30.63,"start_frame":2210,"end_frame":71349,"minutes_played":99.83,"minutes_played_regular_time":99.83},"by_period":[{"name":"period_1","minutes_tip":13.1,"minutes_otip":16.46,"start_frame":2210,"end_frame":31040,"minutes_played":48.05},{"name":"period_2","minutes_tip":8.25,"minutes_otip":14.16,"start_frame":40280,"end_frame":71349,"minutes_played":51.78}]},"team_player_id":828220,"team_id":1803,"id":23922,"first_name":"Ben","last_name":"Garuccio","short_name":"B. Garuccio","birthday":"1995-06-15","trackable_object":24880,"gender":"male"},{"player_role":{"id":9,"position_group":"Midfield","name":"Left Midfield","acronym":"LM"},"start_time":"00:00:00","end_time":"01:22:37","number":32,"yellow_card":1,"red_card":0,"injured":false,"goal":1,"own_goal":0,"playing_time":{"total":{"minutes_tip":19.06,"minutes_otip":27.0,"start_frame":2210,"end_frame":62849,"minutes_played":85.66,"minutes_played_regular_time":85.66},"by_period":[{"name":"period_1","minutes_tip":13.1,"minutes_otip":16.46,"start_frame":2210,"end_frame":31040,"minutes_played":48.05},{"name":"period_2","minutes_tip":5.96,"minutes_otip":10.53,"start_frame":40280,"end_frame":62849,"minutes_played":37.62}]},"team_player_id":1204914,"team_id":1803,"id":51675,"first_name":"Angus","last_name":"Thurgate","short_name":"A. Thurgate","birthday":"2000-02-08","trackable_object":52801,"gender":"male"},{"player_role":{"id":13,"position_group":"Wide Attacker","name":"Right Winger","acronym":"RW"},"start_time":"00:00:00","end_time":"01:11:13","number":77,"yellow_card":0,"red_card":0,"injured":false,"goal":0,"own_goal":0,"playing_time":{"total":{"minutes_tip":17.57,"minutes_otip":23.99,"start_frame":2210,"end_frame":56009,"minutes_played":74.26,"minutes_played_regular_time":74.26},"by_period":[{"name":"period_1","minutes_tip":13.1,"minutes_otip":16.46,"start_frame":2210,"end_frame":31040,"minutes_played":48.05},{"name":"period_2","minutes_tip":4.47,"minutes_otip":7.52,"start_frame":40280,"end_frame":56009,"minutes_played":26.22}]},"team_player_id":1204913,"team_id":1803,"id":26844,"first_name":"Riku","last_name":"Danzaki","short_name":"R. Danzaki","birthday":"2000-05-31","trackable_object":27926,"gender":"male"}],"status":"closed","home_team_side":["left_to_right","right_to_left"],"ball":{"trackable_object":55},"pitch_length":106,"pitch_width":68}