{"id":2013725,"home_team_score":1,"away_team_score":0,"date_time":"2025-04-27T07:00:00Z","stadium":{"id":3837,"name":"Ironbark Fields","city":"Melbourne","capacity":5000},"home_team":{"id":1803,"name":"Western United","short_name":"Western United","acronym":"WEU"},"home_team_kit":{"id":4239,"team_id":1803,"season":{"id":7,"start_year":2020,"end_year":2021,"name":"2020/2021"},"name":"Home","jersey_color":"#000000","number_color":"#ffffff"},"away_team":{"id":869,"name":"Sydney Football Club","short_name":"Sydney FC","acronym":"SYD"},"away_team_kit":{"id":16648,"team_id":869,"season":{"id":95,"start_year":2024,"end_year":2025,"name":"2024/2025"},"name":"away","jersey_color":"#FFFFFF","number_color":"#0B0A79"},"home_team_coach":null,"away_team_coach":null,"home_team_playing_time":{"minutes_tip":24.91,"minutes_otip":27.96},"away_team_playing_time":{"minutes_tip":27.96,"minutes_otip":24.91},"competition_edition":{"id":870,"competition":{"id":61,"area":"AUS","name":"A-League","gender":"male","age_group":"adult"},"season":{"id":95,"start_year":2024,"end_year":2025,"name":"2024/2025"},"name":"AUS - A-League - 2024/2025"},"match_periods":[{"period":1,"name":"period_1","start_frame":4040,"end_frame":31930,"duration_frames":27890,"duration_minutes":46.48},{"period":2,"name":"period_2","start_frame":40960,"end_frame":69860,"duration_frames":28900,"duration_minutes":48.17}],"competition_round":{"id":4657,"name":"","round_number":28,"potential_overtime":false},"referees":[],"players":[{"player_role":{"id":11,"position_group":"Midfield","name":"Attacking Midfield","acronym":"AM"},"start_time":"01:21:18","end_time":null,"number":20,"yellow_card":0,"red_card":0,"injured":false,"goal":0,"own_goal":0,"playing_time":{"total":{"minutes_tip":3.64,"minutes_otip":2.26,"start_frame":62740,"end_frame":69859,"minutes_played":11.86,"minutes_played_regular_time":11.86},"by_period":[{"name":"period_2","minutes_tip":3.64,"minutes_otip":2.26,"start_frame":62740,"end_frame":69859,"minutes_played":11.86}]},"team_player_id":1243940,"team_id":869,"id":813317,"first_name":"Tiago","last_name":"Quintal","short_name":"T. Quintal","birthday":"2006-06-16","trackable_object":814880,"gender":"male"},{"player_role":{"id":3,"position_group":"Central Defender","name":"Left Center Back","acronym":"LCB"},"start_time":"01:00:45","end_time":null,"number":42,"yellow_card":1,"red_card":0,"injured":false,"goal":0,"own_goal":0,"playing_time":{"total":{"minutes_tip":9.56,"minutes_otip":8.68,"start_frame":50410,"end_frame":69859,"minutes_played":32.42,"minutes_played_regular_time":32.42},"by_period":[{"name":"period_2","minutes_tip":9.56,"minutes_otip":8.68,"start_frame":50410,"end_frame":69859,"minutes_played":32.42}]},"team_player_id":1555872,"team_id":869,"id":998256,"first_name":"Kyle Reilly ","last_name":"Shaw","short_name":"K. Shaw","birthday":"2004-09-07","trackable_object":999819,"gender":"male"},{"player_role":{"id":12,"position_group":"Wide Attacker","name":"Left Winger","acronym":"LW"},"start_time":"01:00:45","end_time":null,"number":8,"yellow_card":0,"red_card":0,"injured":false,"goal":0,"own_goal":0,"playing_time":{"total":{"minutes_tip":9.56,"minutes_otip":8.68,"start_frame":50410,"end_frame":69859,"minutes_played":32.42,"minutes_played_regular_time":32.42},"by_period":[{"name":"period_2","minutes_tip":9.56,"minutes_otip":8.68,"start_frame":50410,"end_frame":69859,"minutes_played":32.42}]},"team_player_id":1460452,"team_id":869,"id":25534,"first_name":"Anas","last_name":"Ouahim","short_name":"A. Ouahim","birthday":"1997-09-23","trackable_object":26580,"gender":"male"},{"player_role":{"id":13,"position_group":"Wide Attacker","name":"Right Winger","acronym":"RW"},"start_time":"01:26:20","end_time":null,"number":7,"yellow_card":0,"red_card":0,"injured":false,"goal":0,"own_goal":0,"playing_time":{"total":{"minutes_tip":1.52,"minutes_otip":2.18,"start_frame":65760,"end_frame":69859,"minutes_played":6.83,"minutes_played_regular_time":6.83},"by_period":[{"name":"period_2","minutes_tip":1.52,"minutes_otip":2.18,"start_frame":65760,"end_frame":69859,"minutes_played":6.83}]},"team_player_id":1204922,"team_id":1803,"id":51690,"first_name":"Ramy","last_name":"Najjarine","short_name":"R. Najjarine","birthday":"2000-04-23","trackable_object":52816,"gender":"male"},{"player_role":{"id":10,"position_group":"Midfield","name":"Right Midfield","acronym":"RM"},"start_time":"01:14:27","end_time":null,"number":44,"yellow_card":1,"red_card":0,"injured":false,"goal":0,"own_goal":0,"playing_time":{"total":{"minutes_tip":4.15,"minutes_otip":5.5,"start_frame":58630,"end_frame":69859,"minutes_played":18.72,"minutes_played_regular_time":18.72},"by_period":[{"name":"period_2","minutes_tip":4.15,"minutes_otip":5.5,"start_frame":58630,"end_frame":69859,"minutes_played":18.72}]},"team_player_id":1233131,"team_id":1803,"id":809670,"first_name":"Jordan","last_name":"Lauton","short_name":"J. Lauton","birthday":"2003-04-01","trackable_object":811233,"gender":"male"},{"player_role":{"id":20,"position_group":"Full Back","name":"Right Back","acronym":"RB"},"start_time":"01:14:27","end_time":null,"number":29,"yellow_card":0,"red_card":0,"injured":false,"goal":0,"own_goal":0,"playing_time":{"total":{"minutes_tip":4.15,"minutes_otip":5.5,"start_frame":58630,"end_frame":69859,"minutes_played":18.72,"minutes_played_regular_time":18.72},"by_period":[{"name":"period_2","minutes_tip":4.15,"minutes_otip":5.5,"start_frame":58630,"end_frame":69859,"minutes_played":18.72}]},"team_player_id":1235262,"team_id":1803,"id":810406,"first_name":"Charbel","last_name":"Shamoon","short_name":"C. Shamoon","birthday":"2004-02-10","trackable_object":811969,"gender":"male"},{"player_role":{"id":12,"position_group":"Wide Attacker","name":"Left Winger","acronym":"LW"},"start_time":"01:14:27","end_time":null,"number":20,"yellow_card":0,"red_card":0,"injured":false,"goal":0,"own_goal":0,"playing_time":{"total":{"minutes_tip":4.15,"minutes_otip":5.5,"start_frame":58630,"end_frame":69859,"minutes_played":18.72,"minutes_played_regular_time":18.72},"by_period":[{"name":"period_2","minutes_tip":4.15,"minutes_otip":5.5,"start_frame":58630,"end_frame":69859,"minutes_played":18.72}]},"team_player_id":1256633,"team_id":1803,"id":818554,"first_name":"Abel","last_name":"Walatee","short_name":"A. Walatee","birthday":"2004-02-22","trackable_object":820117,"gender":"male"},{"player_role":{"id":15,"position_group":"Center Forward","name":"Center Forward","acronym":"CF"},"start_time":"01:09:44","end_time":null,"number":5,"yellow_card":0,"red_card":0,"injured":false,"goal":0,"own_goal":0,"playing_time":{"total":{"minutes_tip":6.39,"minutes_otip":6.29,"start_frame":55800,"end_frame":69859,"minutes_played":23.43,"minutes_played_regular_time":23.43},"by_period":[{"name":"period_2","minutes_tip":6.39,"minutes_otip":6.29,"start_frame":55800,"end_frame":69859,"minutes_played":23.43}]},"team_player_id":1256018,"team_id":1803,"id":818284,"first_name":"Oliver","last_name":"Lavale","short_name":"O. Lavale","birthday":"2005-04-05","trackable_object":819847,"gender":"male"},{"player_role":{"id":17,"position_group":"Other","name":"Substitute","acronym":"SUB"},"start_time":null,"end_time":null,"number":37,"yellow_card":0,"red_card":0,"injured":false,"goal":0,"own_goal":0,"playing_time":{"total":null,"by_period":[]},"team_player_id":1508754,"team_id":869,"id":966307,"first_name":"Will","last_name":"Kennedy","short_name":"W. Kennedy","birthday":"2005-02-14","trackable_object":967870,"gender":"male"},{"player_role":{"id":17,"position_group":"Other","name":"Substitute","acronym":"SUB"},"start_time":null,"end_time":null,"number":36,"yellow_card":0,"red_card":0,"injured":false,"goal":0,"own_goal":0,"playing_time":{"total":null,"by_period":[]},"team_player_id":1561284,"team_id":869,"id":1000644,"first_name":"Mathias","last_name":"Macallister","short_name":"M. Macallister","birthday":"2007-04-12","trackable_object":1002207,"gender":"male"},{"player_role":{"id":17,"position_group":"Other","name":"Substitute","acronym":"SUB"},"start_time":null,"end_time":null,"number":29,"yellow_card":0,"red_card":0,"injured":false,"goal":0,"own_goal":0,"playing_time":{"total":null,"by_period":[]},"team_player_id":1207310,"team_id":869,"id":796478,"first_name":"Joseph ","last_name":"Lacey ","short_name":"J. Lacey","birthday":null,"trackable_object":798041,"gender":"male"},{"player_role":{"id":17,"position_group":"Other","name":"Substitute","acronym":"SUB"},"start_time":null,"end_time":null,"number":1,"yellow_card":0,"red_card":0,"injured":false,"goal":0,"own_goal":0,"playing_time":{"total":null,"by_period":[]},"team_player_id":73060,"team_id":869,"id":51047,"first_name":"Andrew","last_name":"Redmayne","short_name":"A. Redmayne","birthday":"1989-01-13","trackable_object":52173,"gender":"male"},{"player_role":{"id":10,"position_group":"Midfield","name":"Right Midfield","acronym":"RM"},"start_time":"00:00:00","end_time":null,"number":24,"yellow_card":1,"red_card":0,"injured":false,"goal":0,"own_goal":0,"playing_time":{"total":{"minutes_tip":27.96,"minutes_otip":24.92,"start_frame":4040,"end_frame":69859,"minutes_played":94.65,"minutes_played_regular_time":94.65},"by_period":[{"name":"period_1","minutes_tip":13.97,"minutes_otip":12.71,"start_frame":4040,"end_frame":31930,"minutes_played":46.48},{"name":"period_2","minutes_tip":13.99,"minutes_otip":12.2,"start_frame":40960,"end_frame":69859,"minutes_played":48.16}]},"team_player_id":1204962,"team_id":869,"id":795544,"first_name":"Wataru","last_name":"Kamijo","short_name":"W. Kamijo","birthday":"2006-04-17","trackable_object":797107,"gender":"male"},{"player_role":{"id":6,"position_group":"Full Back","name":"Right Wing Back","acronym":"RWB"},"start_time":"00:00:00","end_time":null,"number":23,"yellow_card":0,"red_card":0,"injured":false,"goal":0,"own_goal":0,"playing_time":{"total":{"minutes_tip":27.96,"minutes_otip":24.92,"start_frame":4040,"end_frame":69859,"minutes_played":94.65,"minutes_played_regular_time":94.65},"by_period":[{"name":"period_1","minutes_tip":13.97,"minutes_otip":12.71,"start_frame":4040,"end_frame":31930,"minutes_played":46.48},{"name":"period_2","minutes_tip":13.99,"minutes_otip":12.2,"start_frame":40960,"end_frame":69859,"minutes_played":48.16}]},"team_player_id":74001,"team_id":869,"id":51644,"first_name":"Rhyan","last_name":"Grant","short_name":"R. Grant","birthday":"1991-02-26","trackable_object":52770,"gender":"male"},{"player_role":{"id":3,"position_group":"Central Defender","name":"Left Center Back","acronym":"LCB"},"start_time":"00:00:00","end_time":null,"number":4,"yellow_card":0,"red_card":0,"injured":false,"goal":0,"own_goal":0,"playing_time":{"total":{"minutes_tip":27.96,"minutes_otip":24.92,"start_frame":4040,"end_frame":69859,"minutes_played":94.65,"minutes_played_regular_time":94.65},"by_period":[{"name":"period_1","minutes_tip":13.97,"minutes_otip":12.71,"start_frame":4040,"end_frame":31930,"minutes_played":46.48},{"name":"period_2","minutes_tip":13.99,"minutes_otip":12.2,"start_frame":40960,"end_frame":69859,"minutes_played":48.16}]},"team_player_id":1204957,"team_id":869,"id":51000,"first_name":"Jordan","last_name":"Courtney-Perkins","short_name":"J. Courtney-Perkins","birthday":"2002-11-06","trackable_object":52126,"gender":"male"},{"player_role":{"id":0,"position_group":"Other","name":"Goalkeeper","acronym":"GK"},"start_time":"00:00:00","end_time":null,"number":12,"yellow_card":0,"red_card":0,"injured":false,"goal":0,"own_goal":0,"playing_time":{"total":{"minutes_tip":27.96,"minutes_otip":24.92,"start_frame":4040,"end_frame":69859,"minutes_played":94.65,"minutes_played_regular_time":94.65},"by_period":[{"name":"period_1","minutes_tip":13.97,"minutes_otip":12.71,"start_frame":4040,"end_frame":31930,"minutes_played":46.48},{"name":"period_2","minutes_tip":13.99,"minutes_otip":12.2,"start_frame":40960,"end_frame":69859,"minutes_played":48.16}]},"team_player_id":1460448,"team_id":869,"id":931987,"first_name":"Harrison","last_name":"Devenish-Meares","short_name":"H. Devenish-Meares","birthday":"1996-10-27","trackable_object":933550,"gender":"male"},{"player_role":{"id":15,"position_group":"Center Forward","name":"Center Forward","acronym":"CF"},"start_time":"00:00:00","end_time":null,"number":11,"yellow_card":0,"red_card":0,"injured":false,"goal":0,"own_goal":0,"playing_time":{"total":{"minutes_tip":27.96,"minutes_otip":24.92,"start_frame":4040,"end_frame":69859,"minutes_played":94.65,"minutes_played_regular_time":94.65},"by_period":[{"name":"period_1","minutes_tip":13.97,"minutes_otip":12.71,"start_frame":4040,"end_frame":31930,"minutes_played":46.48},{"name":"period_2","minutes_tip":13.99,"minutes_otip":12.2,"start_frame":40960,"end_frame":69859,"minutes_played":48.16}]},"team_player_id":1460450,"team_id":869,"id":2858,"first_name":"Douglas ","last_name":"Costa de Souza","short_name":"Douglas Costa","birthday":"1990-09-14","trackable_object":2868,"gender":"male"},{"player_role":{"id":12,"position_group":"Wide Attacker","name":"Left Winger","acronym":"LW"},"start_time":"00:00:00","end_time":null,"number":7,"yellow_card":0,"red_card":0,"injured":false,"goal":0,"own_goal":0,"playing_time":{"total":{"minutes_tip":27.96,"minutes_otip":24.92,"start_frame":4040,"end_frame":69859,"minutes_played":94.65,"minutes_played_regular_time":94.65},"by_period":[{"name":"period_1","minutes_tip":13.97,"minutes_otip":12.71,"start_frame":4040,"end_frame":31930,"minutes_played":46.48},{"name":"period_2","minutes_tip":13.99,"minutes_otip":12.2,"start_frame":40960,"end_frame":69859,"minutes_played":48.16}]},"team_player_id":181672,"team_id":869,"id":133854,"first_name":"Adrian","last_name":"Segecic","short_name":"A. Segecic","birthday":"2004-06-01","trackable_object":135409,"gender":"male"},{"player_role":{"id":4,"position_group":"Central Defender","name":"Right Center Back","acronym":"RCB"},"start_time":"00:00:00","end_time":null,"number":41,"yellow_card":1,"red_card":0,"injured":false,"goal":0,"own_goal":0,"playing_time":{"total":{"minutes_tip":27.96,"minutes_otip":24.92,"start_frame":4040,"end_frame":69859,"minutes_played":94.65,"minutes_played_regular_time":94.65},"by_period":[{"name":"period_1","minutes_tip":13.97,"minutes_otip":12.71,"start_frame":4040,"end_frame":31930,"minutes_played":46.48},{"name":"period_2","minutes_tip":13.99,"minutes_otip":12.2,"start_frame":40960,"end_frame":69859,"minutes_played":48.16}]},"team_player_id":1460454,"team_id":869,"id":560894,"first_name":"Alexandar","last_name":"Popovic","short_name":"A. Popovic","birthday":"2002-09-07","trackable_object":562451,"gender":"male"},{"player_role":{"id":9,"position_group":"Midfield","name":"Left Midfield","acronym":"LM"},"start_time":"00:00:00","end_time":null,"number":17,"yellow_card":0,"red_card":0,"injured":false,"goal":0,"own_goal":0,"playing_time":{"total":{"minutes_tip":27.96,"minutes_otip":24.92,"start_frame":4040,"end_frame":69859,"minutes_played":94.65,"minutes_played_regular_time":94.65},"by_period":[{"name":"period_1","minutes_tip":13.97,"minutes_otip":12.71,"start_frame":4040,"end_frame":31930,"minutes_played":46.48},{"name":"period_2","minutes_tip":13.99,"minutes_otip":12.2,"start_frame":40960,"end_frame":69859,"minutes_played":48.16}]},"team_player_id":73058,"team_id":869,"id":51045,"first_name":"Anthony","last_name":"Cáceres","short_name":"A. Cáceres","birthday":"1992-09-29","trackable_object":52171,"gender":"male"},{"player_role":{"id":2,"position_group":"Central Defender","name":"Center Back","acronym":"CB"},"start_time":"00:00:00","end_time":"01:21:18","number":16,"yellow_card":0,"red_card":0,"injured":false,"goal":0,"own_goal":0,"playing_time":{"total":{"minutes_tip":24.32,"minutes_otip":22.65,"start_frame":4040,"end_frame":62739,"minutes_played":82.78,"minutes_played_regular_time":82.78},"by_period":[{"name":"period_1","minutes_tip":13.97,"minutes_otip":12.71,"start_frame":4040,"end_frame":31930,"minutes_played":46.48},{"name":"period_2","minutes_tip":10.35,"minutes_otip":9.94,"start_frame":40960,"end_frame":62739,"minutes_played":36.3}]},"team_player_id":73061,"team_id":869,"id":51048,"first_name":"Joel","last_name":"Bruce King","short_name":"J. King","birthday":"2000-10-30","trackable_object":52174,"gender":"male"},{"player_role":{"id":5,"position_group":"Full Back","name":"Left Wing Back","acronym":"LWB"},"start_time":"00:00:00","end_time":"01:00:45","number":10,"yellow_card":0,"red_card":0,"injured":false,"goal":0,"own_goal":0,"playing_time":{"total":{"minutes_tip":18.4,"minutes_otip":16.24,"start_frame":4040,"end_frame":50409,"minutes_played":62.23,"minutes_played_regular_time":62.23},"by_period":[{"name":"period_1","minutes_tip":13.97,"minutes_otip":12.71,"start_frame":4040,"end_frame":31930,"minutes_played":46.48},{"name":"period_2","minutes_tip":4.42,"minutes_otip":3.53,"start_frame":40960,"end_frame":50409,"minutes_played":15.75}]},"team_player_id":1204956,"team_id":869,"id":18573,"first_name":"Joe","last_name":"Lolley","short_name":"J. Lolley","birthday":"1992-08-25","trackable_object":18770,"gender":"male"},{"player_role":{"id":13,"position_group":"Wide Attacker","name":"Right Winger","acronym":"RW"},"start_time":"00:00:00","end_time":"01:00:45","number":25,"yellow_card":0,"red_card":0,"injured":false,"goal":0,"own_goal":0,"playing_time":{"total":{"minutes_tip":18.4,"minutes_otip":16.24,"start_frame":4040,"end_frame":50409,"minutes_played":62.23,"minutes_played_regular_time":62.23},"by_period":[{"name":"period_1","minutes_tip":13.97,"minutes_otip":12.71,"start_frame":4040,"end_frame":31930,"minutes_played":46.48},{"name":"period_2","minutes_tip":4.42,"minutes_otip":3.53,"start_frame":40960,"end_frame":50409,"minutes_played":15.75}]},"team_player_id":181671,"team_id":869,"id":133853,"first_name":"Jaiden","last_name":"Kucharski","short_name":"J. Kucharski","birthday":"2002-06-25","trackable_object":135408,"gender":"male"},{"player_role":{"id":17,"position_group":"Other","name":"Substitute","acronym":"SUB"},"start_time":null,"end_time":null,"number":70,"yellow_card":0,"red_card":0,"injured":false,"goal":0,"own_goal":0,"playing_time":{"total":null,"by_period":[]},"team_player_id":1239534,"team_id":1803,"id":811891,"first_name":"Michael","last_name":"Vonja","short_name":"M. Vonja","birthday":"2006-01-12","trackable_object":813454,"gender":"male"},{"player_role":{"id":17,"position_group":"Other","name":"Substitute","acronym":"SUB"},"start_time":null,"end_time":null,"number":37,"yellow_card":0,"red_card":0,"injured":false,"goal":0,"own_goal":0,"playing_time":{"total":null,"by_period":[]},"team_player_id":1236800,"team_id":1803,"id":811052,"first_name":"Luke","last_name":"Vickery","short_name":"L. Vickery","birthday":"2005-10-25","trackable_object":812615,"gender":"male"},{"player_role":{"id":15,"position_group":"Center Forward","name":"Center Forward","acronym":"CF"},"start_time":"00:00:00","end_time":null,"number":19,"yellow_card":0,"red_card":0,"injured":false,"goal":0,"own_goal":0,"playing_time":{"total":{"minutes_tip":24.92,"minutes_otip":27.96,"start_frame":4040,"end_frame":69859,"minutes_played":94.65,"minutes_played_regular_time":94.65},"by_period":[{"name":"period_1","minutes_tip":12.71,"minutes_otip":13.97,"start_frame":4040,"end_frame":31930,"minutes_played":46.48},{"name":"period_2","minutes_tip":12.2,"minutes_otip":13.99,"start_frame":40960,"end_frame":69859,"minutes_played":48.16}]},"team_player_id":828226,"team_id":1803,"id":560916,"first_name":"Noah","last_name":"Botić","short_name":"N. Botić","birthday":"2002-01-11","trackable_object":562473,"gender":"male"},{"player_role":{"id":0,"position_group":"Other","name":"Goalkeeper","acronym":"GK"},"start_time":"00:00:00","end_time":null,"number":33,"yellow_card":0,"red_card":0,"injured":false,"goal":0,"own_goal":0,"playing_time":{"total":{"minutes_tip":24.92,"minutes_otip":27.96,"start_frame":4040,"end_frame":69859,"minutes_played":94.65,"minutes_played_regular_time":94.65},"by_period":[{"name":"period_1","minutes_tip":12.71,"minutes_otip":13.97,"start_frame":4040,"end_frame":31930,"minutes_played":46.48},{"name":"period_2","minutes_tip":12.2,"minutes_otip":13.99,"start_frame":40960,"end_frame":69859,"minutes_played":48.16}]},"team_player_id":1204919,"team_id":1803,"id":159946,"first_name":"Matthew","last_name":"Sutton","short_name":"M. Sutton","birthday":"2000-03-07","trackable_object":161501,"gender":"male"},{"player_role":{"id":4,"position_group":"Central Defender","name":"Right Center Back","acronym":"RCB"},"start_time":"00:00:00","end_time":null,"number":4,"yellow_card":0,"red_card":0,"injured":false,"goal":0,"own_goal":0,"playing_time":{"total":{"minutes_tip":24.92,"minutes_otip":27.96,"start_frame":4040,"end_frame":69859,"minutes_played":94.65,"minutes_played_regular_time":94.65},"by_period":[{"name":"period_1","minutes_tip":12.71,"minutes_otip":13.97,"start_frame":4040,"end_frame":31930,"minutes_played":46.48},{"name":"period_2","minutes_tip":12.2,"minutes_otip":13.99,"start_frame":40960,"end_frame":69859,"minutes_played":48.16}]},"team_player_id":1235261,"team_id":1803,"id":23883,"first_name":"James","last_name":"Donachie","short_name":"J. Donachie","birthday":"1993-05-14","trackable_object":24840,"gender":"male"},{"player_role":{"id":3,"position_group":"Central Defender","name":"Left Center Back","acronym":"LCB"},"start_time":"00:00:00","end_time":null,"number":30,"yellow_card":0,"red_card":0,"injured":false,"goal":0,"own_goal":0,"playing_time":{"total":{"minutes_tip":24.92,"minutes_otip":27.96,"start_frame":4040,"end_frame":69859,"minutes_played":94.65,"minutes_played_regular_time":94.65},"by_period":[{"name":"period_1","minutes_tip":12.71,"minutes_otip":13.97,"start_frame":4040,"end_frame":31930,"minutes_played":46.48},{"name":"period_2","minutes_tip":12.2,"minutes_otip":13.99,"start_frame":40960,"end_frame":69859,"minutes_played":48.16}]},"team_player_id":1496514,"team_id":1803,"id":957737,"first_name":"Dylan","last_name":"Leonard","short_name":"D. Leonard","birthday":"2007-08-30","trackable_object":959300,"gender":"male"},{"player_role":{"id":19,"position_group":"Full Back","name":"Left Back","acronym":"LB"},"start_time":"00:00:00","end_time":null,"number":17,"yellow_card":1,"red_card":0,"injured":false,"goal":0,"own_goal":0,"playing_time":{"total":{"minutes_tip":24.92,"minutes_otip":27.96,"start_frame":4040,"end_frame":69859,"minutes_played":94.65,"minutes_played_regular_time":94.65},"by_period":[{"name":"period_1","minutes_tip":12.71,"minutes_otip":13.97,"start_frame":4040,"end_frame":31930,"minutes_played":46.48},{"name":"period_2","minutes_tip":12.2,"minutes_otip":13.99,"start_frame":40960,"end_frame":69859,"minutes_played":48.16}]},"team_player_id":828220,"team_id":1803,"id":23922,"first_name":"Ben","last_name":"Garuccio","short_name":"B. Garuccio","birthday":"1995-06-15","trackable_object":24880,"gender":"male"},{"player_role":{"id":9,"position_group":"Midfield","name":"Left Midfield","acronym":"LM"},"start_time":"00:00:00","end_time":null,"number":32,"yellow_card":0,"red_card":0,"injured":false,"goal":0,"own_goal":0,"playing_time":{"total":{"minutes_tip":24.92,"minutes_otip":27.96,"start_frame":4040,"end_frame":69859,"minutes_played":94.65,"minutes_played_regular_time":94.65},"by_period":[{"name":"period_1","minutes_tip":12.71,"minutes_otip":13.97,"start_frame":4040,"end_frame":31930,"minutes_played":46.48},{"name":"period_2","minutes_tip":12.2,"minutes_otip":13.99,"start_frame":40960,"end_frame":69859,"minutes_played":48.16}]},"team_player_id":1204914,"team_id":1803,"id":51675,"first_name":"Angus","last_name":"Thurgate","short_name":"A. Thurgate","birthday":"2000-02-08","trackable_object":52801,"gender":"male"},{"player_role":{"id":12,"position_group":"Wide Attacker","name":"Left Winger","acronym":"LW"},"start_time":"00:00:00","end_time":"01:26:20","number":77,"yellow_card":1,"red_card":0,"injured":false,"goal":0,"own_goal":0,"playing_time":{"total":{"minutes_tip":23.4,"minutes_otip":25.78,"start_frame":4040,"end_frame":65759,"minutes_played":87.82,"minutes_played_regular_time":87.82},"by_period":[{"name":"period_1","minutes_tip":12.71,"minutes_otip":13.97,"start_frame":4040,"end_frame":31930,"minutes_played":46.48},{"name":"period_2","minutes_tip":10.69,"minutes_otip":11.81,"start_frame":40960,"end_frame":65759,"minutes_played":41.33}]},"team_player_id":1204913,"team_id":1803,"id":26844,"first_name":"Riku","last_name":"Danzaki","short_name":"R. Danzaki","birthday":"2000-05-31","trackable_object":27926,"gender":"male"},{"player_role":{"id":20,"position_group":"Full Back","name":"Right Back","acronym":"RB"},"start_time":"00:00:00","end_time":"01:14:27","number":6,"yellow_card":0,"red_card":0,"injured":false,"goal":0,"own_goal":0,"playing_time":{"total":{"minutes_tip":20.77,"minutes_otip":22.46,"start_frame":4040,"end_frame":58629,"minutes_played":75.93,"minutes_played_regular_time":75.93},"by_period":[{"name":"period_1","minutes_tip":12.71,"minutes_otip":13.97,"start_frame":4040,"end_frame":31930,"minutes_played":46.48},{"name":"period_2","minutes_tip":8.06,"minutes_otip":8.49,"start_frame":40960,"end_frame":58629,"minutes_played":29.45}]},"team_player_id":73015,"team_id":1803,"id":51008,"first_name":"Tomoki","last_name":"Imai","short_name":"T. Imai","birthday":"1990-11-29","trackable_object":52134,"gender":"male"},{"player_role":{"id":10,"position_group":"Midfield","name":"Right Midfield","acronym":"RM"},"start_time":"00:00:00","end_time":"01:14:27","number":23,"yellow_card":0,"red_card":0,"injured":false,"goal":0,"own_goal":0,"playing_time":{"total":{"minutes_tip":20.77,"minutes_otip":22.46,"start_frame":4040,"end_frame":58629,"minutes_played":75.93,"minutes_played_regular_time":75.93},"by_period":[{"name":"period_1","minutes_tip":12.71,"minutes_otip":13.97,"start_frame":4040,"end_frame":31930,"minutes_played":46.48},{"name":"period_2","minutes_tip":8.06,"minutes_otip":8.49,"start_frame":40960,"end_frame":58629,"minutes_played":29.45}]},"team_player_id":828228,"team_id":1803,"id":560917,"first_name":"Rhys","last_name":"Bozinovski","short_name":"R. Bozinovski","birthday":"2004-07-03","trackable_object":562474,"gender":"male"},{"player_role":{"id":13,"position_group":"Wide Attacker","name":"Right Winger","acronym":"RW"},"start_time":"00:00:00","end_time":"01:14:27","number":10,"yellow_card":0,"red_card":0,"injured":false,"goal":1,"own_goal":0,"playing_time":{"total":{"minutes_tip":20.77,"minutes_otip":22.46,"start_frame":4040,"end_frame":58629,"minutes_played":75.93,"minutes_played_regular_time":75.93},"by_period":[{"name":"period_1","minutes_tip":12.71,"minutes_otip":13.97,"start_frame":4040,"end_frame":31930,"minutes_played":46.48},{"name":"period_2","minutes_tip":8.06,"minutes_otip":8.49,"start_frame":40960,"end_frame":58629,"minutes_played":29.45}]},"team_player_id":1204918,"team_id":1803,"id":795527,"first_name":"Matthew","last_name":"Grimaldi","short_name":"M. Grimaldi","birthday":"2003-11-28","trackable_object":797090,"gender":"male"},{"player_role":{"id":15,"position_group":"Center Forward","name":"Center Forward","acronym":"CF"},"start_time":"00:00:00","end_time":"01:09:44","number":24,"yellow_card":0,"red_card":0,"injured":false,"goal":0,"own_goal":0,"playing_time":{"total":{"minutes_tip":18.53,"minutes_otip":21.67,"start_frame":4040,"end_frame":55799,"minutes_played":71.22,"minutes_played_regular_time":71.22},"by_period":[{"name":"period_1","minutes_tip":12.71,"minutes_otip":13.97,"start_frame":4040,"end_frame":31930,"minutes_played":46.48},{"name":"period_2","minutes_tip":5.82,"minutes_otip":7.7,"start_frame":40960,"end_frame":55799,"minutes_played":24.73}]},"team_player_id":1204921,"team_id":1803,"id":795529,"first_name":"Michael","last_name":"Ruhs","short_name":"M. Ruhs","birthday":"2002-08-27","trackable_object":797092,"gender":"male"}],"status":"closed","home_team_side":["left_to_right","right_to_left"],"ball":{"trackable_object":55},"pitch_length":106,"pitch_width":68}