{"id":1925299,"home_team_score":0,"away_team_score":1,"date_time":"2024-12-21T06:00:00Z","stadium":{"id":2914,"name":"Kayo Stadium","city":"Moreton Bay","capacity":11507},"home_team":{"id":1802,"name":"Brisbane Roar FC","short_name":"Brisbane FC","acronym":"BRR"},"home_team_kit":{"id":4273,"team_id":1802,"season":{"id":7,"start_year":2020,"end_year":2021,"name":"2020/2021"},"name":"Home","jersey_color":"#ff8000","number_color":"#ffffff"},"away_team":{"id":871,"name":"Perth Glory Football Club","short_name":"Perth Glory","acronym":"PER"},"away_team_kit":{"id":4272,"team_id":871,"season":{"id":7,"start_year":2020,"end_year":2021,"name":"2020/2021"},"name":"Away","jersey_color":"#ffffff","number_color":"#000000"},"home_team_coach":null,"away_team_coach":null,"home_team_playing_time":{"minutes_tip":37.19,"minutes_otip":22.84},"away_team_playing_time":{"minutes_tip":22.84,"minutes_otip":37.19},"competition_edition":{"id":870,"competition":{"id":61,"area":"AUS","name":"A-League","gender":"male","age_group":"adult"},"season":{"id":95,"start_year":2024,"end_year":2025,"name":"2024/2025"},"name":"AUS - A-League - 2024/2025"},"match_periods":[{"period":1,"name":"period_1","start_frame":10,"end_frame":30240,"duration_frames":30230,"duration_minutes":50.38},{"period":2,"name":"period_2","start_frame":30250,"end_frame":61300,"duration_frames":31050,"duration_minutes":51.75}],"competition_round":{"id":614,"name":"Round 9","round_number":9,"potential_overtime":false},"referees":[],"players":[{"player_role":{"id":3,"position_group":"Central Defender","name":"Left Center Back","acronym":"LCB"},"start_time":"00:00:00","end_time":"00:33:06","number":4,"yellow_card":0,"red_card":0,"injured":false,"goal":0,"own_goal":0,"playing_time":{"total":{"minutes_tip":10.28,"minutes_otip":8.12,"start_frame":10,"end_frame":19869,"minutes_played":33.1,"minutes_played_regular_time":33.1},"by_period":[{"name":"period_1","minutes_tip":10.28,"minutes_otip":8.12,"start_frame":10,"end_frame":19869,"minutes_played":33.1}]},"team_player_id":1507994,"team_id":1802,"id":51050,"first_name":"Ben","last_name":"Warland","short_name":"B. Warland","birthday":"1996-09-04","trackable_object":52176,"gender":"male"},{"player_role":{"id":13,"position_group":"Wide Attacker","name":"Right Winger","acronym":"RW"},"start_time":"01:24:10","end_time":null,"number":11,"yellow_card":0,"red_card":0,"injured":false,"goal":0,"own_goal":0,"playing_time":{"total":{"minutes_tip":6.06,"minutes_otip":1.84,"start_frame":53750,"end_frame":61299,"minutes_played":12.58,"minutes_played_regular_time":12.58},"by_period":[{"name":"period_2","minutes_tip":6.06,"minutes_otip":1.84,"start_frame":53750,"end_frame":61299,"minutes_played":12.58}]},"team_player_id":1507996,"team_id":1802,"id":333110,"first_name":"Neicer Aldhair","last_name":"Acosta Mendez","short_name":"N. Acosta","birthday":"2002-12-12","trackable_object":334667,"gender":"male"},{"player_role":{"id":15,"position_group":"Center Forward","name":"Center Forward","acronym":"CF"},"start_time":"00:00:00","end_time":"01:02:22","number":16,"yellow_card":0,"red_card":0,"injured":false,"goal":0,"own_goal":0,"playing_time":{"total":{"minutes_tip":17.34,"minutes_otip":24.51,"start_frame":10,"end_frame":40669,"minutes_played":67.75,"minutes_played_regular_time":67.75},"by_period":[{"name":"period_1","minutes_tip":13.82,"minutes_otip":16.39,"start_frame":10,"end_frame":30240,"minutes_played":50.38},{"name":"period_2","minutes_tip":3.53,"minutes_otip":8.12,"start_frame":30250,"end_frame":40669,"minutes_played":17.36}]},"team_player_id":1508522,"team_id":871,"id":966112,"first_name":"Adam","last_name":"Bugarija","short_name":"A. Bugarija","birthday":"2005-02-22","trackable_object":967675,"gender":"male"},{"player_role":{"id":13,"position_group":"Wide Attacker","name":"Right Winger","acronym":"RW"},"start_time":"00:00:00","end_time":"01:06:43","number":43,"yellow_card":0,"red_card":0,"injured":false,"goal":0,"own_goal":0,"playing_time":{"total":{"minutes_tip":25.44,"minutes_otip":17.95,"start_frame":10,"end_frame":43279,"minutes_played":72.1,"minutes_played_regular_time":72.1},"by_period":[{"name":"period_1","minutes_tip":16.39,"minutes_otip":13.82,"start_frame":10,"end_frame":30240,"minutes_played":50.38},{"name":"period_2","minutes_tip":9.06,"minutes_otip":4.13,"start_frame":30250,"end_frame":43279,"minutes_played":21.72}]},"team_player_id":1508001,"team_id":1802,"id":797298,"first_name":"Adam","last_name":"Zimarino","short_name":"A. Zimarino","birthday":"2001-08-28","trackable_object":798861,"gender":"male"},{"player_role":{"id":13,"position_group":"Wide Attacker","name":"Right Winger","acronym":"RW"},"start_time":"00:00:00","end_time":"01:02:22","number":20,"yellow_card":0,"red_card":0,"injured":false,"goal":0,"own_goal":0,"playing_time":{"total":{"minutes_tip":17.34,"minutes_otip":24.51,"start_frame":10,"end_frame":40669,"minutes_played":67.75,"minutes_played_regular_time":67.75},"by_period":[{"name":"period_1","minutes_tip":13.82,"minutes_otip":16.39,"start_frame":10,"end_frame":30240,"minutes_played":50.38},{"name":"period_2","minutes_tip":3.53,"minutes_otip":8.12,"start_frame":30250,"end_frame":40669,"minutes_played":17.36}]},"team_player_id":828321,"team_id":871,"id":560987,"first_name":"Trent","last_name":"Ostler","short_name":"T. Ostler","birthday":"2002-04-03","trackable_object":562544,"gender":"male"},{"player_role":{"id":9,"position_group":"Midfield","name":"Left Midfield","acronym":"LM"},"start_time":"00:00:00","end_time":null,"number":7,"yellow_card":0,"red_card":0,"injured":false,"goal":0,"own_goal":0,"playing_time":{"total":{"minutes_tip":22.84,"minutes_otip":37.19,"start_frame":10,"end_frame":61299,"minutes_played":102.13,"minutes_played_regular_time":102.13},"by_period":[{"name":"period_1","minutes_tip":13.82,"minutes_otip":16.39,"start_frame":10,"end_frame":30240,"minutes_played":50.38},{"name":"period_2","minutes_tip":9.02,"minutes_otip":20.8,"start_frame":30250,"end_frame":61299,"minutes_played":51.75}]},"team_player_id":1508515,"team_id":871,"id":795530,"first_name":"Nicholas","last_name":"Pennington","short_name":"N. Pennington","birthday":"1998-12-18","trackable_object":797093,"gender":"male"},{"player_role":{"id":12,"position_group":"Wide Attacker","name":"Left Winger","acronym":"LW"},"start_time":"00:00:00","end_time":"01:24:10","number":23,"yellow_card":0,"red_card":0,"injured":false,"goal":0,"own_goal":0,"playing_time":{"total":{"minutes_tip":31.13,"minutes_otip":20.99,"start_frame":10,"end_frame":53749,"minutes_played":89.55,"minutes_played_regular_time":89.55},"by_period":[{"name":"period_1","minutes_tip":16.39,"minutes_otip":13.82,"start_frame":10,"end_frame":30240,"minutes_played":50.38},{"name":"period_2","minutes_tip":14.74,"minutes_otip":7.18,"start_frame":30250,"end_frame":53749,"minutes_played":39.16}]},"team_player_id":1229607,"team_id":1802,"id":560986,"first_name":"Keegan","last_name":"Jelacic","short_name":"K. Jelacic","birthday":"2002-07-31","trackable_object":562543,"gender":"male"},{"player_role":{"id":20,"position_group":"Full Back","name":"Right Back","acronym":"RB"},"start_time":"01:06:43","end_time":null,"number":19,"yellow_card":0,"red_card":0,"injured":false,"goal":0,"own_goal":0,"playing_time":{"total":{"minutes_tip":11.75,"minutes_otip":4.89,"start_frame":43280,"end_frame":61299,"minutes_played":30.03,"minutes_played_regular_time":30.03},"by_period":[{"name":"period_2","minutes_tip":11.75,"minutes_otip":4.89,"start_frame":43280,"end_frame":61299,"minutes_played":30.03}]},"team_player_id":74101,"team_id":1802,"id":51722,"first_name":"Jack","last_name":"Hingert","short_name":"J. Hingert","birthday":"1990-09-26","trackable_object":52848,"gender":"male"},{"player_role":{"id":12,"position_group":"Wide Attacker","name":"Left Winger","acronym":"LW"},"start_time":"01:19:59","end_time":null,"number":31,"yellow_card":0,"red_card":0,"injured":false,"goal":0,"own_goal":0,"playing_time":{"total":{"minutes_tip":2.48,"minutes_otip":7.44,"start_frame":51240,"end_frame":61299,"minutes_played":16.76,"minutes_played_regular_time":16.76},"by_period":[{"name":"period_2","minutes_tip":2.48,"minutes_otip":7.44,"start_frame":51240,"end_frame":61299,"minutes_played":16.76}]},"team_player_id":1234055,"team_id":871,"id":809869,"first_name":"Joel ","last_name":"Anasmo","short_name":"J. Anasmo","birthday":"2004-09-24","trackable_object":811432,"gender":"male"},{"player_role":{"id":21,"position_group":"Midfield","name":"Left Defensive Midfield","acronym":"LDM"},"start_time":"00:00:00","end_time":null,"number":26,"yellow_card":0,"red_card":0,"injured":false,"goal":0,"own_goal":0,"playing_time":{"total":{"minutes_tip":37.19,"minutes_otip":22.84,"start_frame":10,"end_frame":61299,"minutes_played":102.13,"minutes_played_regular_time":102.13},"by_period":[{"name":"period_1","minutes_tip":16.39,"minutes_otip":13.82,"start_frame":10,"end_frame":30240,"minutes_played":50.38},{"name":"period_2","minutes_tip":20.8,"minutes_otip":9.02,"start_frame":30250,"end_frame":61299,"minutes_played":51.75}]},"team_player_id":73001,"team_id":1802,"id":51002,"first_name":"Jay","last_name":"O'Shea","short_name":"J. O'Shea","birthday":"1988-08-10","trackable_object":52128,"gender":"male"},{"player_role":{"id":15,"position_group":"Center Forward","name":"Center Forward","acronym":"CF"},"start_time":"01:02:22","end_time":null,"number":14,"yellow_card":0,"red_card":0,"injured":false,"goal":0,"own_goal":0,"playing_time":{"total":{"minutes_tip":5.49,"minutes_otip":12.69,"start_frame":40670,"end_frame":61299,"minutes_played":34.38,"minutes_played_regular_time":34.38},"by_period":[{"name":"period_2","minutes_tip":5.49,"minutes_otip":12.69,"start_frame":40670,"end_frame":61299,"minutes_played":34.38}]},"team_player_id":1508520,"team_id":871,"id":560988,"first_name":"Nathanael","last_name":"Blair","short_name":"N. Blair","birthday":"2004-03-15","trackable_object":562545,"gender":"male"},{"player_role":{"id":15,"position_group":"Center Forward","name":"Center Forward","acronym":"CF"},"start_time":"01:33:43","end_time":null,"number":27,"yellow_card":0,"red_card":0,"injured":false,"goal":0,"own_goal":0,"playing_time":{"total":{"minutes_tip":0.2,"minutes_otip":2.24,"start_frame":59480,"end_frame":61299,"minutes_played":3.03,"minutes_played_regular_time":3.03},"by_period":[{"name":"period_2","minutes_tip":0.2,"minutes_otip":2.24,"start_frame":59480,"end_frame":61299,"minutes_played":3.03}]},"team_player_id":1508523,"team_id":871,"id":966113,"first_name":"William ","last_name":"Freney","short_name":"W. Freney","birthday":"2005-11-04","trackable_object":967676,"gender":"male"},{"player_role":{"id":11,"position_group":"Midfield","name":"Attacking Midfield","acronym":"AM"},"start_time":"00:00:00","end_time":"01:06:43","number":10,"yellow_card":0,"red_card":0,"injured":false,"goal":0,"own_goal":0,"playing_time":{"total":{"minutes_tip":25.44,"minutes_otip":17.95,"start_frame":10,"end_frame":43279,"minutes_played":72.1,"minutes_played_regular_time":72.1},"by_period":[{"name":"period_1","minutes_tip":16.39,"minutes_otip":13.82,"start_frame":10,"end_frame":30240,"minutes_played":50.38},{"name":"period_2","minutes_tip":9.06,"minutes_otip":4.13,"start_frame":30250,"end_frame":43279,"minutes_played":21.72}]},"team_player_id":1204949,"team_id":1802,"id":560882,"first_name":"Florin","last_name":"Bérenguer","short_name":"F. Bérenguer","birthday":"1989-04-01","trackable_object":562439,"gender":"male"},{"player_role":{"id":13,"position_group":"Wide Attacker","name":"Right Winger","acronym":"RW"},"start_time":"01:02:22","end_time":null,"number":17,"yellow_card":1,"red_card":0,"injured":false,"goal":0,"own_goal":0,"playing_time":{"total":{"minutes_tip":5.49,"minutes_otip":12.69,"start_frame":40670,"end_frame":61299,"minutes_played":34.38,"minutes_played_regular_time":34.38},"by_period":[{"name":"period_2","minutes_tip":5.49,"minutes_otip":12.69,"start_frame":40670,"end_frame":61299,"minutes_played":34.38}]},"team_player_id":1204938,"team_id":871,"id":795533,"first_name":"Jarrod","last_name":"Carluccio","short_name":"J. Carluccio","birthday":"2001-02-08","trackable_object":797096,"gender":"male"},{"player_role":{"id":3,"position_group":"Central Defender","name":"Left Center Back","acronym":"LCB"},"start_time":"00:00:00","end_time":null,"number":29,"yellow_card":0,"red_card":0,"injured":false,"goal":0,"own_goal":0,"playing_time":{"total":{"minutes_tip":22.84,"minutes_otip":37.19,"start_frame":10,"end_frame":61299,"minutes_played":102.13,"minutes_played_regular_time":102.13},"by_period":[{"name":"period_1","minutes_tip":13.82,"minutes_otip":16.39,"start_frame":10,"end_frame":30240,"minutes_played":50.38},{"name":"period_2","minutes_tip":9.02,"minutes_otip":20.8,"start_frame":30250,"end_frame":61299,"minutes_played":51.75}]},"team_player_id":1516340,"team_id":871,"id":560989,"first_name":"Tomislav","last_name":"Mrčela","short_name":"T. Mrčela","birthday":"1990-10-01","trackable_object":562546,"gender":"male"},{"player_role":{"id":12,"position_group":"Wide Attacker","name":"Left Winger","acronym":"LW"},"start_time":"01:02:22","end_time":null,"number":26,"yellow_card":0,"red_card":0,"injured":false,"goal":0,"own_goal":0,"playing_time":{"total":{"minutes_tip":5.49,"minutes_otip":12.69,"start_frame":40670,"end_frame":61299,"minutes_played":34.38,"minutes_played_regular_time":34.38},"by_period":[{"name":"period_2","minutes_tip":5.49,"minutes_otip":12.69,"start_frame":40670,"end_frame":61299,"minutes_played":34.38}]},"team_player_id":1508526,"team_id":871,"id":966115,"first_name":"Khoa","last_name":"Ngo","short_name":"K. Ngo","birthday":"2006-06-30","trackable_object":967678,"gender":"male"},{"player_role":{"id":11,"position_group":"Midfield","name":"Attacking Midfield","acronym":"AM"},"start_time":"01:06:43","end_time":null,"number":30,"yellow_card":0,"red_card":0,"injured":false,"goal":0,"own_goal":0,"playing_time":{"total":{"minutes_tip":11.75,"minutes_otip":4.89,"start_frame":43280,"end_frame":61299,"minutes_played":30.03,"minutes_played_regular_time":30.03},"by_period":[{"name":"period_2","minutes_tip":11.75,"minutes_otip":4.89,"start_frame":43280,"end_frame":61299,"minutes_played":30.03}]},"team_player_id":1204954,"team_id":1802,"id":795541,"first_name":"Quinn","last_name":"MacNicol","short_name":"Q. MacNicol","birthday":"2008-01-10","trackable_object":797104,"gender":"male"},{"player_role":{"id":13,"position_group":"Wide Attacker","name":"Right Winger","acronym":"RW"},"start_time":"01:06:43","end_time":null,"number":18,"yellow_card":0,"red_card":0,"injured":false,"goal":0,"own_goal":0,"playing_time":{"total":{"minutes_tip":11.75,"minutes_otip":4.89,"start_frame":43280,"end_frame":61299,"minutes_played":30.03,"minutes_played_regular_time":30.03},"by_period":[{"name":"period_2","minutes_tip":11.75,"minutes_otip":4.89,"start_frame":43280,"end_frame":61299,"minutes_played":30.03}]},"team_player_id":1508005,"team_id":1802,"id":965698,"first_name":"Jacob ","last_name":"Brazete","short_name":"J. Brazete","birthday":"2006-01-20","trackable_object":967261,"gender":"male"},{"player_role":{"id":3,"position_group":"Central Defender","name":"Left Center Back","acronym":"LCB"},"start_time":"00:33:06","end_time":null,"number":15,"yellow_card":0,"red_card":0,"injured":false,"goal":0,"own_goal":0,"playing_time":{"total":{"minutes_tip":26.91,"minutes_otip":14.72,"start_frame":19870,"end_frame":61299,"minutes_played":69.03,"minutes_played_regular_time":69.03},"by_period":[{"name":"period_1","minutes_tip":6.11,"minutes_otip":5.7,"start_frame":19870,"end_frame":30240,"minutes_played":17.28},{"name":"period_2","minutes_tip":20.8,"minutes_otip":9.02,"start_frame":30250,"end_frame":61299,"minutes_played":51.75}]},"team_player_id":1508000,"team_id":1802,"id":69111,"first_name":"Hosine","last_name":"Bility","short_name":"H. Bility","birthday":"2001-05-10","trackable_object":70237,"gender":"male"},{"player_role":{"id":17,"position_group":"Other","name":"Substitute","acronym":"SUB"},"start_time":null,"end_time":null,"number":1,"yellow_card":0,"red_card":0,"injured":false,"goal":0,"own_goal":0,"playing_time":{"total":null,"by_period":[]},"team_player_id":1204943,"team_id":871,"id":51021,"first_name":"Oliver","last_name":"Sail","short_name":"O. Sail","birthday":"1996-01-13","trackable_object":52147,"gender":"male"},{"player_role":{"id":17,"position_group":"Other","name":"Substitute","acronym":"SUB"},"start_time":null,"end_time":null,"number":5,"yellow_card":0,"red_card":0,"injured":false,"goal":0,"own_goal":0,"playing_time":{"total":null,"by_period":[]},"team_player_id":1508516,"team_id":871,"id":796014,"first_name":"Lachlan","last_name":"Barr","short_name":"L. Barr","birthday":"1994-09-24","trackable_object":797577,"gender":"male"},{"player_role":{"id":15,"position_group":"Center Forward","name":"Center Forward","acronym":"CF"},"start_time":"00:00:00","end_time":"01:33:43","number":9,"yellow_card":0,"red_card":0,"injured":false,"goal":1,"own_goal":0,"playing_time":{"total":{"minutes_tip":22.63,"minutes_otip":34.95,"start_frame":10,"end_frame":59479,"minutes_played":99.1,"minutes_played_regular_time":99.1},"by_period":[{"name":"period_1","minutes_tip":13.82,"minutes_otip":16.39,"start_frame":10,"end_frame":30240,"minutes_played":50.38},{"name":"period_2","minutes_tip":8.82,"minutes_otip":18.56,"start_frame":30250,"end_frame":59479,"minutes_played":48.72}]},"team_player_id":828311,"team_id":871,"id":560984,"first_name":"David","last_name":"Williams","short_name":"D. Williams","birthday":"1988-02-26","trackable_object":562541,"gender":"male"},{"player_role":{"id":10,"position_group":"Midfield","name":"Right Midfield","acronym":"RM"},"start_time":"00:00:00","end_time":null,"number":12,"yellow_card":0,"red_card":0,"injured":false,"goal":0,"own_goal":0,"playing_time":{"total":{"minutes_tip":22.84,"minutes_otip":37.19,"start_frame":10,"end_frame":61299,"minutes_played":102.13,"minutes_played_regular_time":102.13},"by_period":[{"name":"period_1","minutes_tip":13.82,"minutes_otip":16.39,"start_frame":10,"end_frame":30240,"minutes_played":50.38},{"name":"period_2","minutes_tip":9.02,"minutes_otip":20.8,"start_frame":30250,"end_frame":61299,"minutes_played":51.75}]},"team_player_id":1508517,"team_id":871,"id":51694,"first_name":"Taras ","last_name":"Gomulka","short_name":"T. Gomulka","birthday":"2001-09-16","trackable_object":52820,"gender":"male"},{"player_role":{"id":20,"position_group":"Full Back","name":"Right Back","acronym":"RB"},"start_time":"00:00:00","end_time":null,"number":19,"yellow_card":0,"red_card":0,"injured":false,"goal":0,"own_goal":0,"playing_time":{"total":{"minutes_tip":22.84,"minutes_otip":37.19,"start_frame":10,"end_frame":61299,"minutes_played":102.13,"minutes_played_regular_time":102.13},"by_period":[{"name":"period_1","minutes_tip":13.82,"minutes_otip":16.39,"start_frame":10,"end_frame":30240,"minutes_played":50.38},{"name":"period_2","minutes_tip":9.02,"minutes_otip":20.8,"start_frame":30250,"end_frame":61299,"minutes_played":51.75}]},"team_player_id":104512,"team_id":871,"id":11897,"first_name":"Josh","last_name":"Risdon","short_name":"J. Risdon","birthday":"1992-07-27","trackable_object":12004,"gender":"male"},{"player_role":{"id":0,"position_group":"Other","name":"Goalkeeper","acronym":"GK"},"start_time":"00:00:00","end_time":null,"number":13,"yellow_card":0,"red_card":0,"injured":false,"goal":0,"own_goal":0,"playing_time":{"total":{"minutes_tip":22.84,"minutes_otip":37.19,"start_frame":10,"end_frame":61299,"minutes_played":102.13,"minutes_played_regular_time":102.13},"by_period":[{"name":"period_1","minutes_tip":13.82,"minutes_otip":16.39,"start_frame":10,"end_frame":30240,"minutes_played":50.38},{"name":"period_2","minutes_tip":9.02,"minutes_otip":20.8,"start_frame":30250,"end_frame":61299,"minutes_played":51.75}]},"team_player_id":828314,"team_id":871,"id":560985,"first_name":"Cameron","last_name":"Cook","short_name":"C. Cook","birthday":"2001-08-16","trackable_object":562542,"gender":"male"},{"player_role":{"id":4,"position_group":"Central Defender","name":"Right Center Back","acronym":"RCB"},"start_time":"00:00:00","end_time":null,"number":24,"yellow_card":0,"red_card":0,"injured":false,"goal":0,"own_goal":0,"playing_time":{"total":{"minutes_tip":22.84,"minutes_otip":37.19,"start_frame":10,"end_frame":61299,"minutes_played":102.13,"minutes_played_regular_time":102.13},"by_period":[{"name":"period_1","minutes_tip":13.82,"minutes_otip":16.39,"start_frame":10,"end_frame":30240,"minutes_played":50.38},{"name":"period_2","minutes_tip":9.02,"minutes_otip":20.8,"start_frame":30250,"end_frame":61299,"minutes_played":51.75}]},"team_player_id":1230673,"team_id":871,"id":809166,"first_name":"Adriano","last_name":"Lebib","short_name":"A. Lebib","birthday":"2006-01-29","trackable_object":810729,"gender":"male"},{"player_role":{"id":19,"position_group":"Full Back","name":"Left Back","acronym":"LB"},"start_time":"00:00:00","end_time":"01:19:59","number":2,"yellow_card":1,"red_card":0,"injured":false,"goal":0,"own_goal":0,"playing_time":{"total":{"minutes_tip":20.36,"minutes_otip":29.75,"start_frame":10,"end_frame":51239,"minutes_played":85.36,"minutes_played_regular_time":85.36},"by_period":[{"name":"period_1","minutes_tip":13.82,"minutes_otip":16.39,"start_frame":10,"end_frame":30240,"minutes_played":50.38},{"name":"period_2","minutes_tip":6.54,"minutes_otip":13.36,"start_frame":30250,"end_frame":51239,"minutes_played":34.98}]},"team_player_id":72979,"team_id":871,"id":50982,"first_name":"Riley","last_name":"Warland","short_name":"R. Warland","birthday":"2002-07-04","trackable_object":52108,"gender":"male"},{"player_role":{"id":12,"position_group":"Wide Attacker","name":"Left Winger","acronym":"LW"},"start_time":"00:00:00","end_time":"01:02:22","number":21,"yellow_card":1,"red_card":0,"injured":false,"goal":0,"own_goal":0,"playing_time":{"total":{"minutes_tip":17.34,"minutes_otip":24.51,"start_frame":10,"end_frame":40669,"minutes_played":67.75,"minutes_played_regular_time":67.75},"by_period":[{"name":"period_1","minutes_tip":13.82,"minutes_otip":16.39,"start_frame":10,"end_frame":30240,"minutes_played":50.38},{"name":"period_2","minutes_tip":3.53,"minutes_otip":8.12,"start_frame":30250,"end_frame":40669,"minutes_played":17.36}]},"team_player_id":1508525,"team_id":871,"id":966114,"first_name":"Abdelelah","last_name":"Faisal","short_name":"A. Faisal","birthday":"2005-10-27","trackable_object":967677,"gender":"male"},{"player_role":{"id":17,"position_group":"Other","name":"Substitute","acronym":"SUB"},"start_time":null,"end_time":null,"number":29,"yellow_card":0,"red_card":0,"injured":false,"goal":0,"own_goal":0,"playing_time":{"total":null,"by_period":[]},"team_player_id":1204952,"team_id":1802,"id":50950,"first_name":"Matt","last_name":"Acton","short_name":"M. Acton","birthday":"1992-06-03","trackable_object":52076,"gender":"male"},{"player_role":{"id":17,"position_group":"Other","name":"Substitute","acronym":"SUB"},"start_time":null,"end_time":null,"number":35,"yellow_card":0,"red_card":0,"injured":false,"goal":0,"own_goal":0,"playing_time":{"total":null,"by_period":[]},"team_player_id":828198,"team_id":1802,"id":560898,"first_name":"Louis","last_name":"Zabala","short_name":"L. Zabala","birthday":"2001-01-25","trackable_object":562455,"gender":"male"},{"player_role":{"id":22,"position_group":"Midfield","name":"Right Defensive Midfield","acronym":"RDM"},"start_time":"00:00:00","end_time":null,"number":8,"yellow_card":0,"red_card":0,"injured":false,"goal":0,"own_goal":0,"playing_time":{"total":{"minutes_tip":37.19,"minutes_otip":22.84,"start_frame":10,"end_frame":61299,"minutes_played":102.13,"minutes_played_regular_time":102.13},"by_period":[{"name":"period_1","minutes_tip":16.39,"minutes_otip":13.82,"start_frame":10,"end_frame":30240,"minutes_played":50.38},{"name":"period_2","minutes_tip":20.8,"minutes_otip":9.02,"start_frame":30250,"end_frame":61299,"minutes_played":51.75}]},"team_player_id":1507999,"team_id":1802,"id":287934,"first_name":"Walid","last_name":"Shour","short_name":"Walid Shour","birthday":"1996-06-10","trackable_object":289491,"gender":"male"},{"player_role":{"id":15,"position_group":"Center Forward","name":"Center Forward","acronym":"CF"},"start_time":"00:00:00","end_time":null,"number":16,"yellow_card":0,"red_card":0,"injured":false,"goal":0,"own_goal":0,"playing_time":{"total":{"minutes_tip":37.19,"minutes_otip":22.84,"start_frame":10,"end_frame":61299,"minutes_played":102.13,"minutes_played_regular_time":102.13},"by_period":[{"name":"period_1","minutes_tip":16.39,"minutes_otip":13.82,"start_frame":10,"end_frame":30240,"minutes_played":50.38},{"name":"period_2","minutes_tip":20.8,"minutes_otip":9.02,"start_frame":30250,"end_frame":61299,"minutes_played":51.75}]},"team_player_id":1204948,"team_id":1802,"id":795537,"first_name":"Thomas","last_name":"Waddingham","short_name":"T. Waddingham","birthday":"2005-04-05","trackable_object":797100,"gender":"male"},{"player_role":{"id":0,"position_group":"Other","name":"Goalkeeper","acronym":"GK"},"start_time":"00:00:00","end_time":null,"number":1,"yellow_card":0,"red_card":0,"injured":false,"goal":0,"own_goal":0,"playing_time":{"total":{"minutes_tip":37.19,"minutes_otip":22.84,"start_frame":10,"end_frame":61299,"minutes_played":102.13,"minutes_played_regular_time":102.13},"by_period":[{"name":"period_1","minutes_tip":16.39,"minutes_otip":13.82,"start_frame":10,"end_frame":30240,"minutes_played":50.38},{"name":"period_2","minutes_tip":20.8,"minutes_otip":9.02,"start_frame":30250,"end_frame":61299,"minutes_played":51.75}]},"team_player_id":72997,"team_id":1802,"id":50999,"first_name":"Macklin","last_name":"Freke","short_name":"M. Freke","birthday":"1999-01-06","trackable_object":52125,"gender":"male"},{"player_role":{"id":4,"position_group":"Central Defender","name":"Right Center Back","acronym":"RCB"},"start_time":"00:00:00","end_time":null,"number":12,"yellow_card":0,"red_card":0,"injured":false,"goal":0,"own_goal":0,"playing_time":{"total":{"minutes_tip":37.19,"minutes_otip":22.84,"start_frame":10,"end_frame":61299,"minutes_played":102.13,"minutes_played_regular_time":102.13},"by_period":[{"name":"period_1","minutes_tip":16.39,"minutes_otip":13.82,"start_frame":10,"end_frame":30240,"minutes_played":50.38},{"name":"period_2","minutes_tip":20.8,"minutes_otip":9.02,"start_frame":30250,"end_frame":61299,"minutes_played":51.75}]},"team_player_id":1508004,"team_id":1802,"id":965697,"first_name":"Lucas","last_name":"Herrington","short_name":"L. Herrington","birthday":"2007-05-09","trackable_object":967260,"gender":"male"},{"player_role":{"id":19,"position_group":"Full Back","name":"Left Back","acronym":"LB"},"start_time":"00:00:00","end_time":null,"number":21,"yellow_card":0,"red_card":0,"injured":false,"goal":0,"own_goal":0,"playing_time":{"total":{"minutes_tip":37.19,"minutes_otip":22.84,"start_frame":10,"end_frame":61299,"minutes_played":102.13,"minutes_played_regular_time":102.13},"by_period":[{"name":"period_1","minutes_tip":16.39,"minutes_otip":13.82,"start_frame":10,"end_frame":30240,"minutes_played":50.38},{"name":"period_2","minutes_tip":20.8,"minutes_otip":9.02,"start_frame":30250,"end_frame":61299,"minutes_played":51.75}]},"team_player_id":1210560,"team_id":1802,"id":560983,"first_name":"Antonee Alan","last_name":"Burke-Gilroy","short_name":"A. Burke-Gilroy","birthday":"1997-10-03","trackable_object":562540,"gender":"male"},{"player_role":{"id":20,"position_group":"Full Back","name":"Right Back","acronym":"RB"},"start_time":"00:00:00","end_time":"01:06:43","number":17,"yellow_card":0,"red_card":0,"injured":false,"goal":0,"own_goal":0,"playing_time":{"total":{"minutes_tip":25.44,"minutes_otip":17.95,"start_frame":10,"end_frame":43279,"minutes_played":72.1,"minutes_played_regular_time":72.1},"by_period":[{"name":"period_1","minutes_tip":16.39,"minutes_otip":13.82,"start_frame":10,"end_frame":30240,"minutes_played":50.38},{"name":"period_2","minutes_tip":9.06,"minutes_otip":4.13,"start_frame":30250,"end_frame":43279,"minutes_played":21.72}]},"team_player_id":1507998,"team_id":1802,"id":51043,"first_name":"Harry","last_name":"Van Der Saag","short_name":"H. Van Der Saag","birthday":"1999-10-29","trackable_object":52169,"gender":"male"}],"status":"closed","home_team_side":["right_to_left","left_to_right"],"ball":{"trackable_object":55},"pitch_length":105,"pitch_width":68}