{"id":2006229,"home_team_score":2,"away_team_score":0,"date_time":"2025-03-07T08:35:00Z","stadium":{"id":1480,"name":"Melbourne Rectangular Stadium","city":"Melbourne","capacity":30050},"home_team":{"id":2380,"name":"Melbourne City FC","short_name":"Melbourne City","acronym":"MEL"},"home_team_kit":{"id":6826,"team_id":2380,"season":{"id":8,"start_year":2021,"end_year":2022,"name":"2021/2022"},"name":"Away","jersey_color":"#00b9d1","number_color":"#ffffff"},"away_team":{"id":1804,"name":"Macarthur FC","short_name":"Macarthur FC","acronym":"MAC"},"away_team_kit":{"id":4269,"team_id":1804,"season":{"id":7,"start_year":2020,"end_year":2021,"name":"2020/2021"},"name":"Away","jersey_color":"#808080","number_color":"#000000"},"home_team_coach":null,"away_team_coach":null,"home_team_playing_time":{"minutes_tip":31.9,"minutes_otip":21.92},"away_team_playing_time":{"minutes_tip":21.92,"minutes_otip":31.9},"competition_edition":{"id":870,"competition":{"id":61,"area":"AUS","name":"A-League","gender":"male","age_group":"adult"},"season":{"id":95,"start_year":2024,"end_year":2025,"name":"2024/2025"},"name":"AUS - A-League - 2024/2025"},"match_periods":[{"period":1,"name":"period_1","start_frame":10,"end_frame":28480,"duration_frames":28470,"duration_minutes":47.45},{"period":2,"name":"period_2","start_frame":28490,"end_frame":59270,"duration_frames":30780,"duration_minutes":51.3}],"competition_round":{"id":627,"name":"Round 22","round_number":22,"potential_overtime":false},"referees":[],"players":[{"player_role":{"id":15,"position_group":"Center Forward","name":"Center Forward","acronym":"CF"},"start_time":"00:00:00","end_time":"01:23:41","number":17,"yellow_card":1,"red_card":0,"injured":false,"goal":2,"own_goal":0,"playing_time":{"total":{"minutes_tip":29.98,"minutes_otip":17.81,"start_frame":10,"end_frame":51699,"minutes_played":86.13,"minutes_played_regular_time":86.13},"by_period":[{"name":"period_1","minutes_tip":19.79,"minutes_otip":8.43,"start_frame":10,"end_frame":28480,"minutes_played":47.45},{"name":"period_2","minutes_tip":10.2,"minutes_otip":9.39,"start_frame":28490,"end_frame":51699,"minutes_played":38.68}]},"team_player_id":216242,"team_id":2380,"id":159945,"first_name":"Max","last_name":"Caputo","short_name":"M. Caputo","birthday":"2005-08-17","trackable_object":161500,"gender":"male"},{"player_role":{"id":10,"position_group":"Midfield","name":"Right Midfield","acronym":"RM"},"start_time":"00:47:27","end_time":null,"number":22,"yellow_card":0,"red_card":0,"injured":false,"goal":0,"own_goal":0,"playing_time":{"total":{"minutes_tip":13.49,"minutes_otip":12.11,"start_frame":28490,"end_frame":59269,"minutes_played":51.3,"minutes_played_regular_time":51.3},"by_period":[{"name":"period_2","minutes_tip":13.49,"minutes_otip":12.11,"start_frame":28490,"end_frame":59269,"minutes_played":51.3}]},"team_player_id":74017,"team_id":1804,"id":51655,"first_name":"Liam","last_name":"Rose","short_name":"L. Rose","birthday":"1997-04-07","trackable_object":52781,"gender":"male"},{"player_role":{"id":6,"position_group":"Full Back","name":"Right Wing Back","acronym":"RWB"},"start_time":"00:00:00","end_time":"01:22:15","number":20,"yellow_card":0,"red_card":0,"injured":false,"goal":0,"own_goal":0,"playing_time":{"total":{"minutes_tip":17.78,"minutes_otip":29.83,"start_frame":10,"end_frame":50839,"minutes_played":84.7,"minutes_played_regular_time":84.7},"by_period":[{"name":"period_1","minutes_tip":8.43,"minutes_otip":19.79,"start_frame":10,"end_frame":28480,"minutes_played":47.45},{"name":"period_2","minutes_tip":9.36,"minutes_otip":10.04,"start_frame":28490,"end_frame":50839,"minutes_played":37.25}]},"team_player_id":1228460,"team_id":1804,"id":808580,"first_name":"Kealey","last_name":"Adamson","short_name":"K. Adamson","birthday":"2003-02-17","trackable_object":810143,"gender":"male"},{"player_role":{"id":20,"position_group":"Full Back","name":"Right Back","acronym":"RB"},"start_time":"01:22:15","end_time":null,"number":33,"yellow_card":0,"red_card":0,"injured":false,"goal":0,"own_goal":0,"playing_time":{"total":{"minutes_tip":4.14,"minutes_otip":2.07,"start_frame":50840,"end_frame":59269,"minutes_played":14.05,"minutes_played_regular_time":14.05},"by_period":[{"name":"period_2","minutes_tip":4.14,"minutes_otip":2.07,"start_frame":50840,"end_frame":59269,"minutes_played":14.05}]},"team_player_id":1204893,"team_id":1804,"id":795516,"first_name":"Yianni","last_name":"Nicolaou","short_name":"Y. Nicolaou","birthday":"2000-01-05","trackable_object":797079,"gender":"male"},{"player_role":{"id":3,"position_group":"Central Defender","name":"Left Center Back","acronym":"LCB"},"start_time":"00:00:00","end_time":"01:02:28","number":5,"yellow_card":0,"red_card":0,"injured":false,"goal":0,"own_goal":0,"playing_time":{"total":{"minutes_tip":12.51,"minutes_otip":26.07,"start_frame":10,"end_frame":38969,"minutes_played":64.92,"minutes_played_regular_time":64.92},"by_period":[{"name":"period_1","minutes_tip":8.43,"minutes_otip":19.79,"start_frame":10,"end_frame":28480,"minutes_played":47.45},{"name":"period_2","minutes_tip":4.08,"minutes_otip":6.29,"start_frame":28490,"end_frame":38969,"minutes_played":17.46}]},"team_player_id":1216409,"team_id":1804,"id":11895,"first_name":"Matthew","last_name":"Jurman","short_name":"M. Jurman","birthday":"1989-12-08","trackable_object":12002,"gender":"male"},{"player_role":{"id":15,"position_group":"Center Forward","name":"Center Forward","acronym":"CF"},"start_time":"01:02:28","end_time":null,"number":11,"yellow_card":1,"red_card":0,"injured":false,"goal":0,"own_goal":0,"playing_time":{"total":{"minutes_tip":9.41,"minutes_otip":5.82,"start_frame":38970,"end_frame":59269,"minutes_played":33.83,"minutes_played_regular_time":33.83},"by_period":[{"name":"period_2","minutes_tip":9.41,"minutes_otip":5.82,"start_frame":38970,"end_frame":59269,"minutes_played":33.83}]},"team_player_id":1557908,"team_id":1804,"id":179963,"first_name":"Peter","last_name":"Makrillos","short_name":"P. Makrillos","birthday":"1995-09-04","trackable_object":181518,"gender":"male"},{"player_role":{"id":9,"position_group":"Midfield","name":"Left Midfield","acronym":"LM"},"start_time":"00:00:00","end_time":"01:02:28","number":8,"yellow_card":1,"red_card":0,"injured":false,"goal":0,"own_goal":0,"playing_time":{"total":{"minutes_tip":12.51,"minutes_otip":26.07,"start_frame":10,"end_frame":38969,"minutes_played":64.92,"minutes_played_regular_time":64.92},"by_period":[{"name":"period_1","minutes_tip":8.43,"minutes_otip":19.79,"start_frame":10,"end_frame":28480,"minutes_played":47.45},{"name":"period_2","minutes_tip":4.08,"minutes_otip":6.29,"start_frame":28490,"end_frame":38969,"minutes_played":17.46}]},"team_player_id":74006,"team_id":1804,"id":51648,"first_name":"Jake","last_name":"Hollman","short_name":"J. Hollman","birthday":"2001-08-26","trackable_object":52774,"gender":"male"},{"player_role":{"id":15,"position_group":"Center Forward","name":"Center Forward","acronym":"CF"},"start_time":"01:02:28","end_time":null,"number":28,"yellow_card":0,"red_card":0,"injured":false,"goal":0,"own_goal":0,"playing_time":{"total":{"minutes_tip":9.41,"minutes_otip":5.82,"start_frame":38970,"end_frame":59269,"minutes_played":33.83,"minutes_played_regular_time":33.83},"by_period":[{"name":"period_2","minutes_tip":9.41,"minutes_otip":5.82,"start_frame":38970,"end_frame":59269,"minutes_played":33.83}]},"team_player_id":1508532,"team_id":1804,"id":966118,"first_name":"Harry ","last_name":"Sawyer","short_name":"H. Sawyer","birthday":"1996-12-31","trackable_object":967681,"gender":"male"},{"player_role":{"id":15,"position_group":"Center Forward","name":"Center Forward","acronym":"CF"},"start_time":"00:00:00","end_time":"01:02:28","number":9,"yellow_card":0,"red_card":0,"injured":false,"goal":0,"own_goal":0,"playing_time":{"total":{"minutes_tip":12.51,"minutes_otip":26.07,"start_frame":10,"end_frame":38969,"minutes_played":64.92,"minutes_played_regular_time":64.92},"by_period":[{"name":"period_1","minutes_tip":8.43,"minutes_otip":19.79,"start_frame":10,"end_frame":28480,"minutes_played":47.45},{"name":"period_2","minutes_tip":4.08,"minutes_otip":6.29,"start_frame":28490,"end_frame":38969,"minutes_played":17.46}]},"team_player_id":1514404,"team_id":1804,"id":50980,"first_name":"Chris","last_name":"Ikonomidis","short_name":"C. Ikonomidis","birthday":"1995-05-04","trackable_object":52106,"gender":"male"},{"player_role":{"id":13,"position_group":"Wide Attacker","name":"Right Winger","acronym":"RW"},"start_time":"01:02:28","end_time":null,"number":24,"yellow_card":0,"red_card":0,"injured":false,"goal":0,"own_goal":0,"playing_time":{"total":{"minutes_tip":9.41,"minutes_otip":5.82,"start_frame":38970,"end_frame":59269,"minutes_played":33.83,"minutes_played_regular_time":33.83},"by_period":[{"name":"period_2","minutes_tip":9.41,"minutes_otip":5.82,"start_frame":38970,"end_frame":59269,"minutes_played":33.83}]},"team_player_id":1508531,"team_id":1804,"id":966117,"first_name":"Dean","last_name":"Bosnjak","short_name":"D. Bosnjak","birthday":"2006-10-11","trackable_object":967680,"gender":"male"},{"player_role":{"id":15,"position_group":"Center Forward","name":"Center Forward","acronym":"CF"},"start_time":"01:23:41","end_time":null,"number":50,"yellow_card":0,"red_card":0,"injured":false,"goal":0,"own_goal":0,"playing_time":{"total":{"minutes_tip":1.91,"minutes_otip":4.1,"start_frame":51700,"end_frame":59269,"minutes_played":12.62,"minutes_played_regular_time":12.62},"by_period":[{"name":"period_2","minutes_tip":1.91,"minutes_otip":4.1,"start_frame":51700,"end_frame":59269,"minutes_played":12.62}]},"team_player_id":1519036,"team_id":2380,"id":973077,"first_name":"Michael","last_name":"Ghossaini","short_name":"M. Ghossaini","birthday":"2007-08-25","trackable_object":974640,"gender":"male"},{"player_role":{"id":15,"position_group":"Center Forward","name":"Center Forward","acronym":"CF"},"start_time":"01:23:41","end_time":null,"number":41,"yellow_card":0,"red_card":0,"injured":false,"goal":0,"own_goal":0,"playing_time":{"total":{"minutes_tip":1.91,"minutes_otip":4.1,"start_frame":51700,"end_frame":59269,"minutes_played":12.62,"minutes_played_regular_time":12.62},"by_period":[{"name":"period_2","minutes_tip":1.91,"minutes_otip":4.1,"start_frame":51700,"end_frame":59269,"minutes_played":12.62}]},"team_player_id":1518180,"team_id":2380,"id":972648,"first_name":"Lawrence","last_name":"Wong","short_name":"L. Wong","birthday":"2007-10-06","trackable_object":974211,"gender":"male"},{"player_role":{"id":13,"position_group":"Wide Attacker","name":"Right Winger","acronym":"RW"},"start_time":"01:14:32","end_time":null,"number":10,"yellow_card":1,"red_card":0,"injured":false,"goal":0,"own_goal":0,"playing_time":{"total":{"minutes_tip":3.88,"minutes_otip":6.31,"start_frame":46210,"end_frame":59269,"minutes_played":21.76,"minutes_played_regular_time":21.76},"by_period":[{"name":"period_2","minutes_tip":3.88,"minutes_otip":6.31,"start_frame":46210,"end_frame":59269,"minutes_played":21.76}]},"team_player_id":1504084,"team_id":2380,"id":22937,"first_name":"Yonatan","last_name":"Cohen","short_name":"Y. Cohen","birthday":"1996-06-29","trackable_object":23811,"gender":"male"},{"player_role":{"id":15,"position_group":"Center Forward","name":"Center Forward","acronym":"CF"},"start_time":"01:14:32","end_time":null,"number":6,"yellow_card":0,"red_card":0,"injured":false,"goal":0,"own_goal":0,"playing_time":{"total":{"minutes_tip":3.88,"minutes_otip":6.31,"start_frame":46210,"end_frame":59269,"minutes_played":21.76,"minutes_played_regular_time":21.76},"by_period":[{"name":"period_2","minutes_tip":3.88,"minutes_otip":6.31,"start_frame":46210,"end_frame":59269,"minutes_played":21.76}]},"team_player_id":1157287,"team_id":2380,"id":51681,"first_name":"Steven","last_name":"Ugarković","short_name":"S. Ugarković","birthday":"1994-08-19","trackable_object":52807,"gender":"male"},{"player_role":{"id":12,"position_group":"Wide Attacker","name":"Left Winger","acronym":"LW"},"start_time":"01:01:40","end_time":null,"number":38,"yellow_card":0,"red_card":0,"injured":false,"goal":0,"own_goal":0,"playing_time":{"total":{"minutes_tip":5.9,"minutes_otip":9.41,"start_frame":38490,"end_frame":59269,"minutes_played":34.63,"minutes_played_regular_time":34.63},"by_period":[{"name":"period_2","minutes_tip":5.9,"minutes_otip":9.41,"start_frame":38490,"end_frame":59269,"minutes_played":34.63}]},"team_player_id":1157291,"team_id":2380,"id":771857,"first_name":"Harry","last_name":"Politidis","short_name":"H. Politidis","birthday":"2002-06-28","trackable_object":773420,"gender":"male"},{"player_role":{"id":17,"position_group":"Other","name":"Substitute","acronym":"SUB"},"start_time":null,"end_time":null,"number":23,"yellow_card":0,"red_card":0,"injured":false,"goal":0,"own_goal":0,"playing_time":{"total":null,"by_period":[]},"team_player_id":1514406,"team_id":1804,"id":970049,"first_name":"Frans","last_name":"Deli","short_name":"F. Deli","birthday":"2005-07-08","trackable_object":971612,"gender":"male"},{"player_role":{"id":17,"position_group":"Other","name":"Substitute","acronym":"SUB"},"start_time":null,"end_time":null,"number":30,"yellow_card":0,"red_card":0,"injured":false,"goal":0,"own_goal":0,"playing_time":{"total":null,"by_period":[]},"team_player_id":1256019,"team_id":1804,"id":818285,"first_name":"Alexander","last_name":"Robinson","short_name":"A. Robinson","birthday":"2005-03-09","trackable_object":819848,"gender":"male"},{"player_role":{"id":4,"position_group":"Central Defender","name":"Right Center Back","acronym":"RCB"},"start_time":"00:00:00","end_time":null,"number":6,"yellow_card":0,"red_card":0,"injured":false,"goal":0,"own_goal":0,"playing_time":{"total":{"minutes_tip":21.92,"minutes_otip":31.9,"start_frame":10,"end_frame":59269,"minutes_played":98.75,"minutes_played_regular_time":98.75},"by_period":[{"name":"period_1","minutes_tip":8.43,"minutes_otip":19.79,"start_frame":10,"end_frame":28480,"minutes_played":47.45},{"name":"period_2","minutes_tip":13.49,"minutes_otip":12.11,"start_frame":28490,"end_frame":59269,"minutes_played":51.3}]},"team_player_id":828184,"team_id":1804,"id":51006,"first_name":"Tomislav","last_name":"Uskok","short_name":"T. Uskok","birthday":"1991-06-22","trackable_object":52132,"gender":"male"},{"player_role":{"id":15,"position_group":"Center Forward","name":"Center Forward","acronym":"CF"},"start_time":"00:00:00","end_time":null,"number":44,"yellow_card":0,"red_card":0,"injured":false,"goal":0,"own_goal":0,"playing_time":{"total":{"minutes_tip":21.92,"minutes_otip":31.9,"start_frame":10,"end_frame":59269,"minutes_played":98.75,"minutes_played_regular_time":98.75},"by_period":[{"name":"period_1","minutes_tip":8.43,"minutes_otip":19.79,"start_frame":10,"end_frame":28480,"minutes_played":47.45},{"name":"period_2","minutes_tip":13.49,"minutes_otip":12.11,"start_frame":28490,"end_frame":59269,"minutes_played":51.3}]},"team_player_id":1508527,"team_id":1804,"id":6871,"first_name":"Marin","last_name":"Jakoliš","short_name":"M. Jakoliš","birthday":"1996-12-26","trackable_object":6881,"gender":"male"},{"player_role":{"id":7,"position_group":"Midfield","name":"Defensive Midfield","acronym":"DM"},"start_time":"00:00:00","end_time":null,"number":26,"yellow_card":0,"red_card":0,"injured":false,"goal":0,"own_goal":0,"playing_time":{"total":{"minutes_tip":21.92,"minutes_otip":31.9,"start_frame":10,"end_frame":59269,"minutes_played":98.75,"minutes_played_regular_time":98.75},"by_period":[{"name":"period_1","minutes_tip":8.43,"minutes_otip":19.79,"start_frame":10,"end_frame":28480,"minutes_played":47.45},{"name":"period_2","minutes_tip":13.49,"minutes_otip":12.11,"start_frame":28490,"end_frame":59269,"minutes_played":51.3}]},"team_player_id":1508528,"team_id":1804,"id":51044,"first_name":"Luke","last_name":"Brattan","short_name":"L. Brattan","birthday":"1990-03-08","trackable_object":52170,"gender":"male"},{"player_role":{"id":2,"position_group":"Central Defender","name":"Center Back","acronym":"CB"},"start_time":"00:00:00","end_time":null,"number":39,"yellow_card":0,"red_card":0,"injured":false,"goal":0,"own_goal":0,"playing_time":{"total":{"minutes_tip":21.92,"minutes_otip":31.9,"start_frame":10,"end_frame":59269,"minutes_played":98.75,"minutes_played_regular_time":98.75},"by_period":[{"name":"period_1","minutes_tip":8.43,"minutes_otip":19.79,"start_frame":10,"end_frame":28480,"minutes_played":47.45},{"name":"period_2","minutes_tip":13.49,"minutes_otip":12.11,"start_frame":28490,"end_frame":59269,"minutes_played":51.3}]},"team_player_id":1559684,"team_id":1804,"id":5805,"first_name":"Kévin","last_name":"Boli","short_name":"K. Boli","birthday":"1991-06-21","trackable_object":5815,"gender":"male"},{"player_role":{"id":5,"position_group":"Full Back","name":"Left Wing Back","acronym":"LWB"},"start_time":"00:00:00","end_time":null,"number":13,"yellow_card":0,"red_card":0,"injured":false,"goal":0,"own_goal":0,"playing_time":{"total":{"minutes_tip":21.92,"minutes_otip":31.9,"start_frame":10,"end_frame":59269,"minutes_played":98.75,"minutes_played_regular_time":98.75},"by_period":[{"name":"period_1","minutes_tip":8.43,"minutes_otip":19.79,"start_frame":10,"end_frame":28480,"minutes_played":47.45},{"name":"period_2","minutes_tip":13.49,"minutes_otip":12.11,"start_frame":28490,"end_frame":59269,"minutes_played":51.3}]},"team_player_id":828182,"team_id":1804,"id":51014,"first_name":"Ivan","last_name":"Vujica","short_name":"I. Vujica","birthday":"1997-04-20","trackable_object":52140,"gender":"male"},{"player_role":{"id":0,"position_group":"Other","name":"Goalkeeper","acronym":"GK"},"start_time":"00:00:00","end_time":null,"number":12,"yellow_card":0,"red_card":0,"injured":false,"goal":0,"own_goal":0,"playing_time":{"total":{"minutes_tip":21.92,"minutes_otip":31.9,"start_frame":10,"end_frame":59269,"minutes_played":98.75,"minutes_played_regular_time":98.75},"by_period":[{"name":"period_1","minutes_tip":8.43,"minutes_otip":19.79,"start_frame":10,"end_frame":28480,"minutes_played":47.45},{"name":"period_2","minutes_tip":13.49,"minutes_otip":12.11,"start_frame":28490,"end_frame":59269,"minutes_played":51.3}]},"team_player_id":828185,"team_id":1804,"id":3443,"first_name":"Filip","last_name":"Kurto","short_name":"F. Kurto","birthday":"1991-06-14","trackable_object":3453,"gender":"male"},{"player_role":{"id":10,"position_group":"Midfield","name":"Right Midfield","acronym":"RM"},"start_time":"00:00:00","end_time":"00:47:27","number":95,"yellow_card":0,"red_card":0,"injured":false,"goal":0,"own_goal":0,"playing_time":{"total":{"minutes_tip":8.43,"minutes_otip":19.78,"start_frame":10,"end_frame":28479,"minutes_played":47.45,"minutes_played_regular_time":47.45},"by_period":[{"name":"period_1","minutes_tip":8.43,"minutes_otip":19.78,"start_frame":10,"end_frame":28479,"minutes_played":47.45}]},"team_player_id":1559685,"team_id":1804,"id":12120,"first_name":"Saîf-Eddine","last_name":"Khaoui","short_name":"S. Khaoui","birthday":"1995-04-27","trackable_object":12263,"gender":"male"},{"player_role":{"id":17,"position_group":"Other","name":"Substitute","acronym":"SUB"},"start_time":null,"end_time":null,"number":40,"yellow_card":0,"red_card":0,"injured":false,"goal":0,"own_goal":0,"playing_time":{"total":null,"by_period":[]},"team_player_id":1157292,"team_id":2380,"id":771858,"first_name":"James","last_name":"Nieuwenhuizen","short_name":"J. Nieuwenhuizen","birthday":"2004-01-17","trackable_object":773421,"gender":"male"},{"player_role":{"id":17,"position_group":"Other","name":"Substitute","acronym":"SUB"},"start_time":null,"end_time":null,"number":2,"yellow_card":0,"red_card":0,"injured":false,"goal":0,"own_goal":0,"playing_time":{"total":null,"by_period":[]},"team_player_id":828162,"team_id":2380,"id":51051,"first_name":"Callum","last_name":"Talbot","short_name":"C. Talbot","birthday":"2001-02-26","trackable_object":52177,"gender":"male"},{"player_role":{"id":3,"position_group":"Central Defender","name":"Left Center Back","acronym":"LCB"},"start_time":"00:00:00","end_time":null,"number":26,"yellow_card":0,"red_card":0,"injured":false,"goal":0,"own_goal":0,"playing_time":{"total":{"minutes_tip":31.9,"minutes_otip":21.92,"start_frame":10,"end_frame":59269,"minutes_played":98.75,"minutes_played_regular_time":98.75},"by_period":[{"name":"period_1","minutes_tip":19.79,"minutes_otip":8.43,"start_frame":10,"end_frame":28480,"minutes_played":47.45},{"name":"period_2","minutes_tip":12.11,"minutes_otip":13.49,"start_frame":28490,"end_frame":59269,"minutes_played":51.3}]},"team_player_id":1157286,"team_id":2380,"id":9520,"first_name":"Samuel","last_name":"Souprayen","short_name":"S. Souprayen","birthday":"1989-02-18","trackable_object":9530,"gender":"male"},{"player_role":{"id":0,"position_group":"Other","name":"Goalkeeper","acronym":"GK"},"start_time":"00:00:00","end_time":null,"number":33,"yellow_card":0,"red_card":0,"injured":false,"goal":0,"own_goal":0,"playing_time":{"total":{"minutes_tip":31.9,"minutes_otip":21.92,"start_frame":10,"end_frame":59269,"minutes_played":98.75,"minutes_played_regular_time":98.75},"by_period":[{"name":"period_1","minutes_tip":19.79,"minutes_otip":8.43,"start_frame":10,"end_frame":28480,"minutes_played":47.45},{"name":"period_2","minutes_tip":12.11,"minutes_otip":13.49,"start_frame":28490,"end_frame":59269,"minutes_played":51.3}]},"team_player_id":1157293,"team_id":2380,"id":771859,"first_name":"Patrick","last_name":"Beach","short_name":"P. Beach","birthday":"2003-08-06","trackable_object":773422,"gender":"male"},{"player_role":{"id":20,"position_group":"Full Back","name":"Right Back","acronym":"RB"},"start_time":"00:00:00","end_time":null,"number":13,"yellow_card":0,"red_card":0,"injured":false,"goal":0,"own_goal":0,"playing_time":{"total":{"minutes_tip":31.9,"minutes_otip":21.92,"start_frame":10,"end_frame":59269,"minutes_played":98.75,"minutes_played_regular_time":98.75},"by_period":[{"name":"period_1","minutes_tip":19.79,"minutes_otip":8.43,"start_frame":10,"end_frame":28480,"minutes_played":47.45},{"name":"period_2","minutes_tip":12.11,"minutes_otip":13.49,"start_frame":28490,"end_frame":59269,"minutes_played":51.3}]},"team_player_id":1504085,"team_id":2380,"id":104563,"first_name":"Nathaniel","last_name":"Atkinson","short_name":"N. Atkinson","birthday":"1999-06-13","trackable_object":105725,"gender":"male"},{"player_role":{"id":9,"position_group":"Midfield","name":"Left Midfield","acronym":"LM"},"start_time":"00:00:00","end_time":null,"number":27,"yellow_card":0,"red_card":0,"injured":false,"goal":0,"own_goal":0,"playing_time":{"total":{"minutes_tip":31.9,"minutes_otip":21.92,"start_frame":10,"end_frame":59269,"minutes_played":98.75,"minutes_played_regular_time":98.75},"by_period":[{"name":"period_1","minutes_tip":19.79,"minutes_otip":8.43,"start_frame":10,"end_frame":28480,"minutes_played":47.45},{"name":"period_2","minutes_tip":12.11,"minutes_otip":13.49,"start_frame":28490,"end_frame":59269,"minutes_played":51.3}]},"team_player_id":1504086,"team_id":2380,"id":50992,"first_name":"Kai","last_name":"Trewin","short_name":"K. Trewin","birthday":"2001-05-18","trackable_object":52118,"gender":"male"},{"player_role":{"id":4,"position_group":"Central Defender","name":"Right Center Back","acronym":"RCB"},"start_time":"00:00:00","end_time":null,"number":22,"yellow_card":0,"red_card":0,"injured":false,"goal":0,"own_goal":0,"playing_time":{"total":{"minutes_tip":31.9,"minutes_otip":21.92,"start_frame":10,"end_frame":59269,"minutes_played":98.75,"minutes_played_regular_time":98.75},"by_period":[{"name":"period_1","minutes_tip":19.79,"minutes_otip":8.43,"start_frame":10,"end_frame":28480,"minutes_played":47.45},{"name":"period_2","minutes_tip":12.11,"minutes_otip":13.49,"start_frame":28490,"end_frame":59269,"minutes_played":51.3}]},"team_player_id":1504083,"team_id":2380,"id":114464,"first_name":"Germán Julio","last_name":"César Ferreyra","short_name":"G. Ferreyra","birthday":"1996-01-13","trackable_object":116005,"gender":"male"},{"player_role":{"id":19,"position_group":"Full Back","name":"Left Back","acronym":"LB"},"start_time":"00:00:00","end_time":null,"number":16,"yellow_card":0,"red_card":0,"injured":false,"goal":0,"own_goal":0,"playing_time":{"total":{"minutes_tip":31.9,"minutes_otip":21.92,"start_frame":10,"end_frame":59269,"minutes_played":98.75,"minutes_played_regular_time":98.75},"by_period":[{"name":"period_1","minutes_tip":19.79,"minutes_otip":8.43,"start_frame":10,"end_frame":28480,"minutes_played":47.45},{"name":"period_2","minutes_tip":12.11,"minutes_otip":13.49,"start_frame":28490,"end_frame":59269,"minutes_played":51.3}]},"team_player_id":1157282,"team_id":2380,"id":11891,"first_name":"Aziz Eraltay","last_name":"Behich","short_name":"A. Behich","birthday":"1990-12-16","trackable_object":11998,"gender":"male"},{"player_role":{"id":10,"position_group":"Midfield","name":"Right Midfield","acronym":"RM"},"start_time":"00:00:00","end_time":"01:23:41","number":7,"yellow_card":0,"red_card":0,"injured":false,"goal":0,"own_goal":0,"playing_time":{"total":{"minutes_tip":29.98,"minutes_otip":17.81,"start_frame":10,"end_frame":51699,"minutes_played":86.13,"minutes_played_regular_time":86.13},"by_period":[{"name":"period_1","minutes_tip":19.79,"minutes_otip":8.43,"start_frame":10,"end_frame":28480,"minutes_played":47.45},{"name":"period_2","minutes_tip":10.2,"minutes_otip":9.39,"start_frame":28490,"end_frame":51699,"minutes_played":38.68}]},"team_player_id":216288,"team_id":2380,"id":7252,"first_name":"Mathew","last_name":"Leckie","short_name":"M. Leckie","birthday":"1991-02-04","trackable_object":7262,"gender":"male"},{"player_role":{"id":13,"position_group":"Wide Attacker","name":"Right Winger","acronym":"RW"},"start_time":"00:00:00","end_time":"01:14:32","number":23,"yellow_card":0,"red_card":0,"injured":false,"goal":0,"own_goal":0,"playing_time":{"total":{"minutes_tip":28.02,"minutes_otip":15.61,"start_frame":10,"end_frame":46209,"minutes_played":76.98,"minutes_played_regular_time":76.98},"by_period":[{"name":"period_1","minutes_tip":19.79,"minutes_otip":8.43,"start_frame":10,"end_frame":28480,"minutes_played":47.45},{"name":"period_2","minutes_tip":8.24,"minutes_otip":7.18,"start_frame":28490,"end_frame":46209,"minutes_played":29.53}]},"team_player_id":216234,"team_id":2380,"id":159941,"first_name":"Marco","last_name":"Tilio","short_name":"M. Tilio","birthday":"2001-08-23","trackable_object":161496,"gender":"male"},{"player_role":{"id":15,"position_group":"Center Forward","name":"Center Forward","acronym":"CF"},"start_time":"00:00:00","end_time":"01:14:32","number":30,"yellow_card":0,"red_card":0,"injured":false,"goal":0,"own_goal":0,"playing_time":{"total":{"minutes_tip":28.02,"minutes_otip":15.61,"start_frame":10,"end_frame":46209,"minutes_played":76.98,"minutes_played_regular_time":76.98},"by_period":[{"name":"period_1","minutes_tip":19.79,"minutes_otip":8.43,"start_frame":10,"end_frame":28480,"minutes_played":47.45},{"name":"period_2","minutes_tip":8.24,"minutes_otip":7.18,"start_frame":28490,"end_frame":46209,"minutes_played":29.53}]},"team_player_id":1504089,"team_id":2380,"id":26095,"first_name":"Andreas ","last_name":"Kuen","short_name":"A. Kuen","birthday":"1995-03-24","trackable_object":27163,"gender":"male"},{"player_role":{"id":12,"position_group":"Wide Attacker","name":"Left Winger","acronym":"LW"},"start_time":"00:00:00","end_time":"01:01:40","number":47,"yellow_card":0,"red_card":0,"injured":false,"goal":0,"own_goal":0,"playing_time":{"total":{"minutes_tip":25.99,"minutes_otip":12.51,"start_frame":10,"end_frame":38489,"minutes_played":64.12,"minutes_played_regular_time":64.12},"by_period":[{"name":"period_1","minutes_tip":19.79,"minutes_otip":8.43,"start_frame":10,"end_frame":28480,"minutes_played":47.45},{"name":"period_2","minutes_tip":6.21,"minutes_otip":4.08,"start_frame":28490,"end_frame":38489,"minutes_played":16.66}]},"team_player_id":1504088,"team_id":2380,"id":963054,"first_name":"Kavian","last_name":"Rahmani","short_name":"K. Rahmani","birthday":"2006-12-29","trackable_object":964617,"gender":"male"}],"status":"closed","home_team_side":["right_to_left","left_to_right"],"ball":{"trackable_object":55},"pitch_length":105,"pitch_width":68}