{"id":2011166,"home_team_score":2,"away_team_score":3,"date_time":"2025-04-12T05:00:00Z","stadium":{"id":2803,"name":"Sky Stadium","city":"Wellington","capacity":34500},"home_team":{"id":867,"name":"Wellington Phoenix FC","short_name":"Wellington P FC","acronym":"WEL"},"home_team_kit":{"id":1025,"team_id":867,"season":{"id":3,"start_year":2016,"end_year":2017,"name":"2016/2017"},"name":"Away","jersey_color":"#ffff00","number_color":"#000000"},"away_team":{"id":868,"name":"Melbourne Victory Football Club","short_name":"Melbourne V FC","acronym":"MEL"},"away_team_kit":{"id":10690,"team_id":868,"season":{"id":28,"start_year":2023,"end_year":2024,"name":"2023/2024"},"name":"Home","jersey_color":"#000000","number_color":"#ffffff"},"home_team_coach":null,"away_team_coach":null,"home_team_playing_time":{"minutes_tip":20.7,"minutes_otip":25.32},"away_team_playing_time":{"minutes_tip":25.32,"minutes_otip":20.7},"competition_edition":{"id":870,"competition":{"id":61,"area":"AUS","name":"A-League","gender":"male","age_group":"adult"},"season":{"id":95,"start_year":2024,"end_year":2025,"name":"2024/2025"},"name":"AUS - A-League - 2024/2025"},"match_periods":[{"period":1,"name":"period_1","start_frame":2300,"end_frame":31290,"duration_frames":28990,"duration_minutes":48.32},{"period":2,"name":"period_2","start_frame":41090,"end_frame":71390,"duration_frames":30300,"duration_minutes":50.5}],"competition_round":{"id":631,"name":"Round 26","round_number":26,"potential_overtime":false},"referees":[],"players":[{"player_role":{"id":15,"position_group":"Center Forward","name":"Center Forward","acronym":"CF"},"start_time":"01:19:48","end_time":null,"number":10,"yellow_card":0,"red_card":0,"injured":false,"goal":0,"own_goal":0,"playing_time":{"total":{"minutes_tip":2.53,"minutes_otip":4.36,"start_frame":61970,"end_frame":71389,"minutes_played":15.7,"minutes_played_regular_time":15.7},"by_period":[{"name":"period_2","minutes_tip":2.53,"minutes_otip":4.36,"start_frame":61970,"end_frame":71389,"minutes_played":15.7}]},"team_player_id":828153,"team_id":868,"id":50979,"first_name":"Bruno","last_name":"Fornaroli Mezza","short_name":"B. Fornaroli","birthday":"1987-09-07","trackable_object":52105,"gender":"male"},{"player_role":{"id":9,"position_group":"Midfield","name":"Left Midfield","acronym":"LM"},"start_time":"00:00:00","end_time":"00:55:22","number":27,"yellow_card":0,"red_card":0,"injured":false,"goal":0,"own_goal":0,"playing_time":{"total":{"minutes_tip":10.94,"minutes_otip":17.49,"start_frame":2300,"end_frame":47309,"minutes_played":58.68,"minutes_played_regular_time":58.68},"by_period":[{"name":"period_1","minutes_tip":8.18,"minutes_otip":14.76,"start_frame":2300,"end_frame":31290,"minutes_played":48.32},{"name":"period_2","minutes_tip":2.76,"minutes_otip":2.73,"start_frame":41090,"end_frame":47309,"minutes_played":10.36}]},"team_player_id":1214315,"team_id":867,"id":799092,"first_name":"Matthew","last_name":"Sheridan","short_name":"M. Sheridan","birthday":"2004-05-09","trackable_object":800655,"gender":"male"},{"player_role":{"id":11,"position_group":"Midfield","name":"Attacking Midfield","acronym":"AM"},"start_time":"01:18:47","end_time":null,"number":41,"yellow_card":0,"red_card":0,"injured":false,"goal":0,"own_goal":0,"playing_time":{"total":{"minutes_tip":4.36,"minutes_otip":2.53,"start_frame":61360,"end_frame":71389,"minutes_played":16.72,"minutes_played_regular_time":16.72},"by_period":[{"name":"period_2","minutes_tip":4.36,"minutes_otip":2.53,"start_frame":61360,"end_frame":71389,"minutes_played":16.72}]},"team_player_id":1496508,"team_id":867,"id":799453,"first_name":"Nathan","last_name":"Walker","short_name":"N. Walker","birthday":"2006-01-30","trackable_object":801016,"gender":"male"},{"player_role":{"id":13,"position_group":"Wide Attacker","name":"Right Winger","acronym":"RW"},"start_time":"01:04:44","end_time":null,"number":23,"yellow_card":0,"red_card":0,"injured":false,"goal":0,"own_goal":0,"playing_time":{"total":{"minutes_tip":6.44,"minutes_otip":7.65,"start_frame":52930,"end_frame":71389,"minutes_played":30.76,"minutes_played_regular_time":30.76},"by_period":[{"name":"period_2","minutes_tip":6.44,"minutes_otip":7.65,"start_frame":52930,"end_frame":71389,"minutes_played":30.76}]},"team_player_id":1564070,"team_id":868,"id":795521,"first_name":"Alexander","last_name":"Badolato","short_name":"A. Badolato","birthday":"2005-02-23","trackable_object":797084,"gender":"male"},{"player_role":{"id":11,"position_group":"Midfield","name":"Attacking Midfield","acronym":"AM"},"start_time":"00:00:00","end_time":null,"number":8,"yellow_card":0,"red_card":0,"injured":false,"goal":1,"own_goal":0,"playing_time":{"total":{"minutes_tip":25.32,"minutes_otip":20.7,"start_frame":2300,"end_frame":71389,"minutes_played":98.82,"minutes_played_regular_time":98.82},"by_period":[{"name":"period_1","minutes_tip":14.76,"minutes_otip":8.18,"start_frame":2300,"end_frame":31290,"minutes_played":48.32},{"name":"period_2","minutes_tip":10.55,"minutes_otip":12.53,"start_frame":41090,"end_frame":71389,"minutes_played":50.5}]},"team_player_id":1204867,"team_id":868,"id":11117,"first_name":"Zinédine","last_name":"Machach","short_name":"Z. Machach","birthday":"1996-01-05","trackable_object":11127,"gender":"male"},{"player_role":{"id":10,"position_group":"Midfield","name":"Right Midfield","acronym":"RM"},"start_time":"00:00:00","end_time":null,"number":3,"yellow_card":0,"red_card":0,"injured":false,"goal":1,"own_goal":0,"playing_time":{"total":{"minutes_tip":20.7,"minutes_otip":25.32,"start_frame":2300,"end_frame":71389,"minutes_played":98.82,"minutes_played_regular_time":98.82},"by_period":[{"name":"period_1","minutes_tip":8.18,"minutes_otip":14.76,"start_frame":2300,"end_frame":31290,"minutes_played":48.32},{"name":"period_2","minutes_tip":12.53,"minutes_otip":10.55,"start_frame":41090,"end_frame":71389,"minutes_played":50.5}]},"team_player_id":1496509,"team_id":867,"id":957734,"first_name":"Corban","last_name":"Piper","short_name":"C. Piper","birthday":"2002-09-10","trackable_object":959297,"gender":"male"},{"player_role":{"id":7,"position_group":"Midfield","name":"Defensive Midfield","acronym":"DM"},"start_time":"00:00:00","end_time":null,"number":14,"yellow_card":0,"red_card":0,"injured":false,"goal":0,"own_goal":0,"playing_time":{"total":{"minutes_tip":20.7,"minutes_otip":25.32,"start_frame":2300,"end_frame":71389,"minutes_played":98.82,"minutes_played_regular_time":98.82},"by_period":[{"name":"period_1","minutes_tip":8.18,"minutes_otip":14.76,"start_frame":2300,"end_frame":31290,"minutes_played":48.32},{"name":"period_2","minutes_tip":12.53,"minutes_otip":10.55,"start_frame":41090,"end_frame":71389,"minutes_played":50.5}]},"team_player_id":73025,"team_id":867,"id":51015,"first_name":"Alex","last_name":"Rufer","short_name":"A. Rufer","birthday":"1996-06-12","trackable_object":52141,"gender":"male"},{"player_role":{"id":15,"position_group":"Center Forward","name":"Center Forward","acronym":"CF"},"start_time":"00:00:00","end_time":"01:19:48","number":9,"yellow_card":0,"red_card":0,"injured":false,"goal":1,"own_goal":0,"playing_time":{"total":{"minutes_tip":22.79,"minutes_otip":16.34,"start_frame":2300,"end_frame":61969,"minutes_played":83.12,"minutes_played_regular_time":83.12},"by_period":[{"name":"period_1","minutes_tip":14.76,"minutes_otip":8.18,"start_frame":2300,"end_frame":31290,"minutes_played":48.32},{"name":"period_2","minutes_tip":8.02,"minutes_otip":8.17,"start_frame":41090,"end_frame":61969,"minutes_played":34.8}]},"team_player_id":1494847,"team_id":868,"id":29075,"first_name":"Nikolaos","last_name":"Vergos","short_name":"N. Vergos","birthday":"1996-01-13","trackable_object":30159,"gender":"male"},{"player_role":{"id":12,"position_group":"Wide Attacker","name":"Left Winger","acronym":"LW"},"start_time":"00:00:00","end_time":null,"number":17,"yellow_card":0,"red_card":0,"injured":false,"goal":1,"own_goal":0,"playing_time":{"total":{"minutes_tip":25.32,"minutes_otip":20.7,"start_frame":2300,"end_frame":71389,"minutes_played":98.82,"minutes_played_regular_time":98.82},"by_period":[{"name":"period_1","minutes_tip":14.76,"minutes_otip":8.18,"start_frame":2300,"end_frame":31290,"minutes_played":48.32},{"name":"period_2","minutes_tip":10.55,"minutes_otip":12.53,"start_frame":41090,"end_frame":71389,"minutes_played":50.5}]},"team_player_id":72948,"team_id":868,"id":50955,"first_name":"Nishan","last_name":"Velupillay","short_name":"N. Velupillay","birthday":"2001-05-07","trackable_object":52081,"gender":"male"},{"player_role":{"id":11,"position_group":"Midfield","name":"Attacking Midfield","acronym":"AM"},"start_time":"00:55:46","end_time":"01:19:48","number":27,"yellow_card":0,"red_card":0,"injured":false,"goal":0,"own_goal":0,"playing_time":{"total":{"minutes_tip":5.3,"minutes_otip":5.41,"start_frame":47550,"end_frame":61969,"minutes_played":24.03,"minutes_played_regular_time":24.03},"by_period":[{"name":"period_2","minutes_tip":5.3,"minutes_otip":5.41,"start_frame":47550,"end_frame":61969,"minutes_played":24.03}]},"team_player_id":1494841,"team_id":868,"id":51714,"first_name":"Reno","last_name":"Piscopo","short_name":"R. Piscopo","birthday":"1998-05-27","trackable_object":52840,"gender":"male"},{"player_role":{"id":4,"position_group":"Central Defender","name":"Right Center Back","acronym":"RCB"},"start_time":"00:00:00","end_time":"01:26:46","number":15,"yellow_card":0,"red_card":0,"injured":false,"goal":0,"own_goal":0,"playing_time":{"total":{"minutes_tip":18.47,"minutes_otip":24.11,"start_frame":2300,"end_frame":66149,"minutes_played":90.08,"minutes_played_regular_time":90.08},"by_period":[{"name":"period_1","minutes_tip":8.18,"minutes_otip":14.76,"start_frame":2300,"end_frame":31290,"minutes_played":48.32},{"name":"period_2","minutes_tip":10.3,"minutes_otip":9.35,"start_frame":41090,"end_frame":66149,"minutes_played":41.76}]},"team_player_id":1204936,"team_id":867,"id":698137,"first_name":"Isaac","last_name":"Hughes","short_name":"I. Hughes","birthday":"2004-03-25","trackable_object":699700,"gender":"male"},{"player_role":{"id":9,"position_group":"Midfield","name":"Left Midfield","acronym":"LM"},"start_time":"01:26:46","end_time":null,"number":5,"yellow_card":0,"red_card":0,"injured":false,"goal":0,"own_goal":0,"playing_time":{"total":{"minutes_tip":2.23,"minutes_otip":1.21,"start_frame":66150,"end_frame":71389,"minutes_played":8.73,"minutes_played_regular_time":8.73},"by_period":[{"name":"period_2","minutes_tip":2.23,"minutes_otip":1.21,"start_frame":66150,"end_frame":71389,"minutes_played":8.73}]},"team_player_id":1204968,"team_id":867,"id":698142,"first_name":"Fin","last_name":"Conchie","short_name":"F. Conchie","birthday":"2003-08-10","trackable_object":699705,"gender":"male"},{"player_role":{"id":4,"position_group":"Central Defender","name":"Right Center Back","acronym":"RCB"},"start_time":"00:00:00","end_time":"01:04:44","number":21,"yellow_card":0,"red_card":0,"injured":false,"goal":0,"own_goal":0,"playing_time":{"total":{"minutes_tip":18.87,"minutes_otip":13.06,"start_frame":2300,"end_frame":52929,"minutes_played":68.05,"minutes_played_regular_time":68.05},"by_period":[{"name":"period_1","minutes_tip":14.76,"minutes_otip":8.18,"start_frame":2300,"end_frame":31290,"minutes_played":48.32},{"name":"period_2","minutes_tip":4.11,"minutes_otip":4.88,"start_frame":41090,"end_frame":52929,"minutes_played":19.73}]},"team_player_id":177106,"team_id":868,"id":9175,"first_name":"Roderick Jefferson","last_name":"Gonçalves Miranda","short_name":"Roderick Miranda","birthday":"1991-03-30","trackable_object":9185,"gender":"male"},{"player_role":{"id":15,"position_group":"Center Forward","name":"Center Forward","acronym":"CF"},"start_time":"00:00:00","end_time":null,"number":7,"yellow_card":0,"red_card":0,"injured":false,"goal":0,"own_goal":0,"playing_time":{"total":{"minutes_tip":20.7,"minutes_otip":25.32,"start_frame":2300,"end_frame":71389,"minutes_played":98.82,"minutes_played_regular_time":98.82},"by_period":[{"name":"period_1","minutes_tip":8.18,"minutes_otip":14.76,"start_frame":2300,"end_frame":31290,"minutes_played":48.32},{"name":"period_2","minutes_tip":12.53,"minutes_otip":10.55,"start_frame":41090,"end_frame":71389,"minutes_played":50.5}]},"team_player_id":21865,"team_id":867,"id":23909,"first_name":"Kosta","last_name":"Barbarouses","short_name":"K. Barbarouses","birthday":"1990-02-19","trackable_object":24867,"gender":"male"},{"player_role":{"id":4,"position_group":"Central Defender","name":"Right Center Back","acronym":"RCB"},"start_time":"01:04:44","end_time":null,"number":5,"yellow_card":1,"red_card":0,"injured":false,"goal":0,"own_goal":0,"playing_time":{"total":{"minutes_tip":6.44,"minutes_otip":7.65,"start_frame":52930,"end_frame":71389,"minutes_played":30.76,"minutes_played_regular_time":30.76},"by_period":[{"name":"period_2","minutes_tip":6.44,"minutes_otip":7.65,"start_frame":52930,"end_frame":71389,"minutes_played":30.76}]},"team_player_id":177100,"team_id":868,"id":51013,"first_name":"Brendan","last_name":"Hamill","short_name":"B. Hamill","birthday":"1992-09-18","trackable_object":52139,"gender":"male"},{"player_role":{"id":3,"position_group":"Central Defender","name":"Left Center Back","acronym":"LCB"},"start_time":"00:00:00","end_time":null,"number":4,"yellow_card":1,"red_card":0,"injured":false,"goal":0,"own_goal":0,"playing_time":{"total":{"minutes_tip":25.32,"minutes_otip":20.7,"start_frame":2300,"end_frame":71389,"minutes_played":98.82,"minutes_played_regular_time":98.82},"by_period":[{"name":"period_1","minutes_tip":14.76,"minutes_otip":8.18,"start_frame":2300,"end_frame":31290,"minutes_played":48.32},{"name":"period_2","minutes_tip":10.55,"minutes_otip":12.53,"start_frame":41090,"end_frame":71389,"minutes_played":50.5}]},"team_player_id":1559297,"team_id":868,"id":51685,"first_name":"Lachlan","last_name":"Jackson","short_name":"L. Jackson","birthday":"1995-03-12","trackable_object":52811,"gender":"male"},{"player_role":{"id":20,"position_group":"Full Back","name":"Right Back","acronym":"RB"},"start_time":"00:00:00","end_time":null,"number":6,"yellow_card":0,"red_card":0,"injured":false,"goal":0,"own_goal":0,"playing_time":{"total":{"minutes_tip":20.7,"minutes_otip":25.32,"start_frame":2300,"end_frame":71389,"minutes_played":98.82,"minutes_played_regular_time":98.82},"by_period":[{"name":"period_1","minutes_tip":8.18,"minutes_otip":14.76,"start_frame":2300,"end_frame":31290,"minutes_played":48.32},{"name":"period_2","minutes_tip":12.53,"minutes_otip":10.55,"start_frame":41090,"end_frame":71389,"minutes_played":50.5}]},"team_player_id":73028,"team_id":867,"id":51017,"first_name":"Tim","last_name":"Payne","short_name":"T. Payne","birthday":"1994-01-10","trackable_object":52143,"gender":"male"},{"player_role":{"id":22,"position_group":"Midfield","name":"Right Defensive Midfield","acronym":"RDM"},"start_time":"01:19:48","end_time":null,"number":18,"yellow_card":0,"red_card":0,"injured":false,"goal":0,"own_goal":0,"playing_time":{"total":{"minutes_tip":2.53,"minutes_otip":4.36,"start_frame":61970,"end_frame":71389,"minutes_played":15.7,"minutes_played_regular_time":15.7},"by_period":[{"name":"period_2","minutes_tip":2.53,"minutes_otip":4.36,"start_frame":61970,"end_frame":71389,"minutes_played":15.7}]},"team_player_id":1206138,"team_id":868,"id":796012,"first_name":"Fabian","last_name":"Monge","short_name":"F. Monge","birthday":"2001-06-12","trackable_object":797575,"gender":"male"},{"player_role":{"id":11,"position_group":"Midfield","name":"Attacking Midfield","acronym":"AM"},"start_time":"00:55:22","end_time":"01:18:47","number":8,"yellow_card":0,"red_card":0,"injured":false,"goal":1,"own_goal":0,"playing_time":{"total":{"minutes_tip":5.41,"minutes_otip":5.3,"start_frame":47310,"end_frame":61359,"minutes_played":23.42,"minutes_played_regular_time":23.42},"by_period":[{"name":"period_2","minutes_tip":5.41,"minutes_otip":5.3,"start_frame":47310,"end_frame":61359,"minutes_played":23.42}]},"team_player_id":1511560,"team_id":867,"id":51046,"first_name":"Paulo","last_name":"Retre","short_name":"P. Retre","birthday":"1993-03-04","trackable_object":52172,"gender":"male"},{"player_role":{"id":22,"position_group":"Midfield","name":"Right Defensive Midfield","acronym":"RDM"},"start_time":"00:00:00","end_time":"00:55:46","number":6,"yellow_card":0,"red_card":0,"injured":false,"goal":0,"own_goal":0,"playing_time":{"total":{"minutes_tip":17.49,"minutes_otip":10.94,"start_frame":2300,"end_frame":47549,"minutes_played":59.08,"minutes_played_regular_time":59.08},"by_period":[{"name":"period_1","minutes_tip":14.76,"minutes_otip":8.18,"start_frame":2300,"end_frame":31290,"minutes_played":48.32},{"name":"period_2","minutes_tip":2.73,"minutes_otip":2.76,"start_frame":41090,"end_frame":47549,"minutes_played":10.76}]},"team_player_id":1204866,"team_id":868,"id":157294,"first_name":"Ryan Graham Pun","last_name":"Teague","short_name":"R. Teague","birthday":"2002-01-24","trackable_object":158849,"gender":"male"},{"player_role":{"id":21,"position_group":"Midfield","name":"Left Defensive Midfield","acronym":"LDM"},"start_time":"00:00:00","end_time":null,"number":14,"yellow_card":0,"red_card":0,"injured":false,"goal":0,"own_goal":0,"playing_time":{"total":{"minutes_tip":25.32,"minutes_otip":20.7,"start_frame":2300,"end_frame":71389,"minutes_played":98.82,"minutes_played_regular_time":98.82},"by_period":[{"name":"period_1","minutes_tip":14.76,"minutes_otip":8.18,"start_frame":2300,"end_frame":31290,"minutes_played":48.32},{"name":"period_2","minutes_tip":10.55,"minutes_otip":12.53,"start_frame":41090,"end_frame":71389,"minutes_played":50.5}]},"team_player_id":1227840,"team_id":868,"id":159688,"first_name":"Jordi","last_name":"Valadon","short_name":"J. Valadon","birthday":"2003-03-04","trackable_object":161243,"gender":"male"},{"player_role":{"id":13,"position_group":"Wide Attacker","name":"Right Winger","acronym":"RW"},"start_time":"00:00:00","end_time":"01:04:44","number":7,"yellow_card":0,"red_card":0,"injured":false,"goal":0,"own_goal":0,"playing_time":{"total":{"minutes_tip":18.87,"minutes_otip":13.06,"start_frame":2300,"end_frame":52929,"minutes_played":68.05,"minutes_played_regular_time":68.05},"by_period":[{"name":"period_1","minutes_tip":14.76,"minutes_otip":8.18,"start_frame":2300,"end_frame":31290,"minutes_played":48.32},{"name":"period_2","minutes_tip":4.11,"minutes_otip":4.88,"start_frame":41090,"end_frame":52929,"minutes_played":19.73}]},"team_player_id":1204865,"team_id":868,"id":11885,"first_name":"Daniel","last_name":"Arzani","short_name":"D. Arzani","birthday":"1999-01-04","trackable_object":11992,"gender":"male"},{"player_role":{"id":20,"position_group":"Full Back","name":"Right Back","acronym":"RB"},"start_time":"00:00:00","end_time":null,"number":22,"yellow_card":0,"red_card":0,"injured":false,"goal":0,"own_goal":0,"playing_time":{"total":{"minutes_tip":25.32,"minutes_otip":20.7,"start_frame":2300,"end_frame":71389,"minutes_played":98.82,"minutes_played_regular_time":98.82},"by_period":[{"name":"period_1","minutes_tip":14.76,"minutes_otip":8.18,"start_frame":2300,"end_frame":31290,"minutes_played":48.32},{"name":"period_2","minutes_tip":10.55,"minutes_otip":12.53,"start_frame":41090,"end_frame":71389,"minutes_played":50.5}]},"team_player_id":1494845,"team_id":868,"id":50977,"first_name":"Joshua","last_name":"Rawlins","short_name":"J. Rawlins","birthday":"2004-04-23","trackable_object":52103,"gender":"male"},{"player_role":{"id":9,"position_group":"Midfield","name":"Left Midfield","acronym":"LM"},"start_time":"00:55:22","end_time":null,"number":18,"yellow_card":0,"red_card":0,"injured":false,"goal":0,"own_goal":0,"playing_time":{"total":{"minutes_tip":9.77,"minutes_otip":7.82,"start_frame":47310,"end_frame":71389,"minutes_played":40.13,"minutes_played_regular_time":40.13},"by_period":[{"name":"period_2","minutes_tip":9.77,"minutes_otip":7.82,"start_frame":47310,"end_frame":71389,"minutes_played":40.13}]},"team_player_id":1204927,"team_id":867,"id":698141,"first_name":"Lukas","last_name":"Kelly-Heald","short_name":"L. Kelly-Heald","birthday":"2005-03-18","trackable_object":699704,"gender":"male"},{"player_role":{"id":11,"position_group":"Midfield","name":"Attacking Midfield","acronym":"AM"},"start_time":"00:00:00","end_time":"00:55:22","number":25,"yellow_card":0,"red_card":0,"injured":false,"goal":0,"own_goal":0,"playing_time":{"total":{"minutes_tip":10.94,"minutes_otip":17.49,"start_frame":2300,"end_frame":47309,"minutes_played":58.68,"minutes_played_regular_time":58.68},"by_period":[{"name":"period_1","minutes_tip":8.18,"minutes_otip":14.76,"start_frame":2300,"end_frame":31290,"minutes_played":48.32},{"name":"period_2","minutes_tip":2.76,"minutes_otip":2.73,"start_frame":41090,"end_frame":47309,"minutes_played":10.36}]},"team_player_id":1496507,"team_id":867,"id":27003,"first_name":"Kazuki","last_name":"Nagasawa","short_name":"K. Nagasawa","birthday":"1991-12-16","trackable_object":28085,"gender":"male"},{"player_role":{"id":11,"position_group":"Midfield","name":"Attacking Midfield","acronym":"AM"},"start_time":"00:55:22","end_time":null,"number":29,"yellow_card":0,"red_card":0,"injured":false,"goal":0,"own_goal":0,"playing_time":{"total":{"minutes_tip":9.77,"minutes_otip":7.82,"start_frame":47310,"end_frame":71389,"minutes_played":40.13,"minutes_played_regular_time":40.13},"by_period":[{"name":"period_2","minutes_tip":9.77,"minutes_otip":7.82,"start_frame":47310,"end_frame":71389,"minutes_played":40.13}]},"team_player_id":1518242,"team_id":867,"id":972687,"first_name":"Luke","last_name":"Brooke-Smith","short_name":"L. Brooke-Smith","birthday":"2008-06-06","trackable_object":974250,"gender":"male"},{"player_role":{"id":11,"position_group":"Midfield","name":"Attacking Midfield","acronym":"AM"},"start_time":"00:00:00","end_time":"00:55:22","number":9,"yellow_card":0,"red_card":0,"injured":false,"goal":0,"own_goal":0,"playing_time":{"total":{"minutes_tip":10.94,"minutes_otip":17.49,"start_frame":2300,"end_frame":47309,"minutes_played":58.68,"minutes_played_regular_time":58.68},"by_period":[{"name":"period_1","minutes_tip":8.18,"minutes_otip":14.76,"start_frame":2300,"end_frame":31290,"minutes_played":48.32},{"name":"period_2","minutes_tip":2.76,"minutes_otip":2.73,"start_frame":41090,"end_frame":47309,"minutes_played":10.36}]},"team_player_id":1496505,"team_id":867,"id":26969,"first_name":"Hideki","last_name":"Ishige","short_name":"H. Ishige","birthday":"1994-09-21","trackable_object":28051,"gender":"male"},{"player_role":{"id":17,"position_group":"Other","name":"Substitute","acronym":"SUB"},"start_time":null,"end_time":null,"number":16,"yellow_card":0,"red_card":0,"injured":false,"goal":0,"own_goal":0,"playing_time":{"total":null,"by_period":[]},"team_player_id":1216250,"team_id":868,"id":800322,"first_name":"Joshua","last_name":"Inserra","short_name":"J. Inserra","birthday":"2005-01-21","trackable_object":801885,"gender":"male"},{"player_role":{"id":17,"position_group":"Other","name":"Substitute","acronym":"SUB"},"start_time":null,"end_time":null,"number":25,"yellow_card":0,"red_card":0,"injured":false,"goal":0,"own_goal":0,"playing_time":{"total":null,"by_period":[]},"team_player_id":1494842,"team_id":868,"id":51678,"first_name":"Jack","last_name":"Duncan","short_name":"J. Duncan","birthday":"1993-04-19","trackable_object":52804,"gender":"male"},{"player_role":{"id":0,"position_group":"Other","name":"Goalkeeper","acronym":"GK"},"start_time":"00:00:00","end_time":null,"number":1,"yellow_card":0,"red_card":0,"injured":false,"goal":0,"own_goal":0,"playing_time":{"total":{"minutes_tip":25.32,"minutes_otip":20.7,"start_frame":2300,"end_frame":71389,"minutes_played":98.82,"minutes_played_regular_time":98.82},"by_period":[{"name":"period_1","minutes_tip":14.76,"minutes_otip":8.18,"start_frame":2300,"end_frame":31290,"minutes_played":48.32},{"name":"period_2","minutes_tip":10.55,"minutes_otip":12.53,"start_frame":41090,"end_frame":71389,"minutes_played":50.5}]},"team_player_id":1521644,"team_id":868,"id":7698,"first_name":"Mitchell","last_name":"Langerak","short_name":"M. Langerak","birthday":"1988-08-22","trackable_object":7708,"gender":"male"},{"player_role":{"id":19,"position_group":"Full Back","name":"Left Back","acronym":"LB"},"start_time":"00:00:00","end_time":null,"number":28,"yellow_card":0,"red_card":0,"injured":false,"goal":0,"own_goal":0,"playing_time":{"total":{"minutes_tip":25.32,"minutes_otip":20.7,"start_frame":2300,"end_frame":71389,"minutes_played":98.82,"minutes_played_regular_time":98.82},"by_period":[{"name":"period_1","minutes_tip":14.76,"minutes_otip":8.18,"start_frame":2300,"end_frame":31290,"minutes_played":48.32},{"name":"period_2","minutes_tip":10.55,"minutes_otip":12.53,"start_frame":41090,"end_frame":71389,"minutes_played":50.5}]},"team_player_id":1239268,"team_id":868,"id":811820,"first_name":"Kasey","last_name":"Bos","short_name":"K. Bos","birthday":"2004-05-08","trackable_object":813383,"gender":"male"},{"player_role":{"id":17,"position_group":"Other","name":"Substitute","acronym":"SUB"},"start_time":null,"end_time":null,"number":39,"yellow_card":0,"red_card":0,"injured":false,"goal":0,"own_goal":0,"playing_time":{"total":null,"by_period":[]},"team_player_id":1496511,"team_id":867,"id":957736,"first_name":"Jayden","last_name":"Smith","short_name":"J. Smith","birthday":"2007-07-04","trackable_object":959299,"gender":"male"},{"player_role":{"id":17,"position_group":"Other","name":"Substitute","acronym":"SUB"},"start_time":null,"end_time":null,"number":35,"yellow_card":0,"red_card":0,"injured":false,"goal":0,"own_goal":0,"playing_time":{"total":null,"by_period":[]},"team_player_id":1527390,"team_id":867,"id":801013,"first_name":"Dublin","last_name":"Boon","short_name":"D. Boon","birthday":"2004-12-25","trackable_object":802576,"gender":"male"},{"player_role":{"id":3,"position_group":"Central Defender","name":"Left Center Back","acronym":"LCB"},"start_time":"00:00:00","end_time":null,"number":4,"yellow_card":0,"red_card":0,"injured":false,"goal":0,"own_goal":0,"playing_time":{"total":{"minutes_tip":20.7,"minutes_otip":25.32,"start_frame":2300,"end_frame":71389,"minutes_played":98.82,"minutes_played_regular_time":98.82},"by_period":[{"name":"period_1","minutes_tip":8.18,"minutes_otip":14.76,"start_frame":2300,"end_frame":31290,"minutes_played":48.32},{"name":"period_2","minutes_tip":12.53,"minutes_otip":10.55,"start_frame":41090,"end_frame":71389,"minutes_played":50.5}]},"team_player_id":1204930,"team_id":867,"id":42510,"first_name":"Scott","last_name":"Wootton","short_name":"S. Wootton","birthday":"1991-09-12","trackable_object":43636,"gender":"male"},{"player_role":{"id":19,"position_group":"Full Back","name":"Left Back","acronym":"LB"},"start_time":"00:00:00","end_time":null,"number":19,"yellow_card":0,"red_card":0,"injured":false,"goal":0,"own_goal":0,"playing_time":{"total":{"minutes_tip":20.7,"minutes_otip":25.32,"start_frame":2300,"end_frame":71389,"minutes_played":98.82,"minutes_played_regular_time":98.82},"by_period":[{"name":"period_1","minutes_tip":8.18,"minutes_otip":14.76,"start_frame":2300,"end_frame":31290,"minutes_played":48.32},{"name":"period_2","minutes_tip":12.53,"minutes_otip":10.55,"start_frame":41090,"end_frame":71389,"minutes_played":50.5}]},"team_player_id":73040,"team_id":867,"id":51028,"first_name":"Sam","last_name":"Sutton","short_name":"S. Sutton","birthday":"2001-12-10","trackable_object":52154,"gender":"male"},{"player_role":{"id":0,"position_group":"Other","name":"Goalkeeper","acronym":"GK"},"start_time":"00:00:00","end_time":null,"number":1,"yellow_card":0,"red_card":0,"injured":false,"goal":0,"own_goal":0,"playing_time":{"total":{"minutes_tip":20.7,"minutes_otip":25.32,"start_frame":2300,"end_frame":71389,"minutes_played":98.82,"minutes_played_regular_time":98.82},"by_period":[{"name":"period_1","minutes_tip":8.18,"minutes_otip":14.76,"start_frame":2300,"end_frame":31290,"minutes_played":48.32},{"name":"period_2","minutes_tip":12.53,"minutes_otip":10.55,"start_frame":41090,"end_frame":71389,"minutes_played":50.5}]},"team_player_id":1496506,"team_id":867,"id":34718,"first_name":"Joshua","last_name":"Oluwayemi","short_name":"J. Oluwayemi","birthday":"2001-03-13","trackable_object":35835,"gender":"male"}],"status":"closed","home_team_side":["right_to_left","left_to_right"],"ball":{"trackable_object":55},"pitch_length":105,"pitch_width":68}