{"id":1886347,"home_team_score":2,"away_team_score":0,"date_time":"2024-11-30T04:00:00Z","stadium":{"id":3811,"name":"Mount Smart Stadium","city":"Auckland","capacity":25000},"home_team":{"id":4177,"name":"Auckland FC","short_name":"Auckland FC","acronym":"AUC"},"home_team_kit":{"id":14025,"team_id":4177,"season":{"id":95,"start_year":2024,"end_year":2025,"name":"2024/2025"},"name":"Home","jersey_color":"#2800f0","number_color":"#ffffff"},"away_team":{"id":1805,"name":"Newcastle United Jets FC","short_name":"Newcastle","acronym":"NEW"},"away_team_kit":{"id":10376,"team_id":1805,"season":{"id":29,"start_year":2024,"end_year":2024,"name":"2024"},"name":"away","jersey_color":"#ffffff","number_color":"#000000"},"home_team_coach":null,"away_team_coach":null,"home_team_playing_time":{"minutes_tip":31.13,"minutes_otip":22.2},"away_team_playing_time":{"minutes_tip":22.2,"minutes_otip":31.13},"competition_edition":{"id":870,"competition":{"id":61,"area":"AUS","name":"A-League","gender":"male","age_group":"adult"},"season":{"id":95,"start_year":2024,"end_year":2025,"name":"2024/2025"},"name":"AUS - A-League - 2024/2025"},"match_periods":[{"period":1,"name":"period_1","start_frame":10,"end_frame":27790,"duration_frames":27780,"duration_minutes":46.3},{"period":2,"name":"period_2","start_frame":27800,"end_frame":59060,"duration_frames":31260,"duration_minutes":52.1}],"competition_round":{"id":611,"name":"Round 6","round_number":6,"potential_overtime":false},"referees":[],"players":[{"player_role":{"id":15,"position_group":"Center Forward","name":"Center Forward","acronym":"CF"},"start_time":"00:00:00","end_time":"01:25:21","number":10,"yellow_card":0,"red_card":0,"injured":false,"goal":0,"own_goal":0,"playing_time":{"total":{"minutes_tip":29.55,"minutes_otip":18.76,"start_frame":10,"end_frame":52009,"minutes_played":86.65,"minutes_played_regular_time":86.65},"by_period":[{"name":"period_1","minutes_tip":18.21,"minutes_otip":11.03,"start_frame":10,"end_frame":27790,"minutes_played":46.3},{"name":"period_2","minutes_tip":11.34,"minutes_otip":7.73,"start_frame":27800,"end_frame":52009,"minutes_played":40.35}]},"team_player_id":1507965,"team_id":4177,"id":38673,"first_name":"Guillermo Luis","last_name":"May Bartesaghi","short_name":"G. May","birthday":"1998-03-11","trackable_object":39794,"gender":"male"},{"player_role":{"id":20,"position_group":"Full Back","name":"Right Back","acronym":"RB"},"start_time":"00:00:00","end_time":null,"number":17,"yellow_card":0,"red_card":0,"injured":false,"goal":0,"own_goal":0,"playing_time":{"total":{"minutes_tip":31.13,"minutes_otip":22.2,"start_frame":10,"end_frame":59059,"minutes_played":98.4,"minutes_played_regular_time":98.4},"by_period":[{"name":"period_1","minutes_tip":18.21,"minutes_otip":11.03,"start_frame":10,"end_frame":27790,"minutes_played":46.3},{"name":"period_2","minutes_tip":12.92,"minutes_otip":11.18,"start_frame":27800,"end_frame":59059,"minutes_played":52.1}]},"team_player_id":1507968,"team_id":4177,"id":51713,"first_name":"Callan","last_name":"Elliot","short_name":"C. Elliott","birthday":"1999-07-07","trackable_object":52839,"gender":"male"},{"player_role":{"id":15,"position_group":"Center Forward","name":"Center Forward","acronym":"CF"},"start_time":"00:00:00","end_time":"01:16:37","number":22,"yellow_card":0,"red_card":0,"injured":false,"goal":0,"own_goal":0,"playing_time":{"total":{"minutes_tip":26.28,"minutes_otip":17.94,"start_frame":10,"end_frame":46769,"minutes_played":77.91,"minutes_played_regular_time":77.91},"by_period":[{"name":"period_1","minutes_tip":18.21,"minutes_otip":11.03,"start_frame":10,"end_frame":27790,"minutes_played":46.3},{"name":"period_2","minutes_tip":8.07,"minutes_otip":6.91,"start_frame":27800,"end_frame":46769,"minutes_played":31.62}]},"team_player_id":1507963,"team_id":4177,"id":50951,"first_name":"Jake","last_name":"Brimmer","short_name":"J. Brimmer","birthday":"1998-04-03","trackable_object":52077,"gender":"male"},{"player_role":{"id":21,"position_group":"Midfield","name":"Left Defensive Midfield","acronym":"LDM"},"start_time":"00:00:00","end_time":"01:24:58","number":19,"yellow_card":1,"red_card":0,"injured":false,"goal":0,"own_goal":0,"playing_time":{"total":{"minutes_tip":18.76,"minutes_otip":29.55,"start_frame":10,"end_frame":51779,"minutes_played":86.26,"minutes_played_regular_time":86.26},"by_period":[{"name":"period_1","minutes_tip":11.03,"minutes_otip":18.21,"start_frame":10,"end_frame":27790,"minutes_played":46.3},{"name":"period_2","minutes_tip":7.73,"minutes_otip":11.34,"start_frame":27800,"end_frame":51779,"minutes_played":39.97}]},"team_player_id":1087119,"team_id":1805,"id":50978,"first_name":"Callum","last_name":"Timmins","short_name":"C. Timmins","birthday":"1999-12-23","trackable_object":52104,"gender":"male"},{"player_role":{"id":19,"position_group":"Full Back","name":"Left Back","acronym":"LB"},"start_time":"00:00:00","end_time":null,"number":15,"yellow_card":0,"red_card":0,"injured":false,"goal":1,"own_goal":0,"playing_time":{"total":{"minutes_tip":31.13,"minutes_otip":22.2,"start_frame":10,"end_frame":59059,"minutes_played":98.4,"minutes_played_regular_time":98.4},"by_period":[{"name":"period_1","minutes_tip":18.21,"minutes_otip":11.03,"start_frame":10,"end_frame":27790,"minutes_played":46.3},{"name":"period_2","minutes_tip":12.92,"minutes_otip":11.18,"start_frame":27800,"end_frame":59059,"minutes_played":52.1}]},"team_player_id":1507956,"team_id":4177,"id":133498,"first_name":"Francis","last_name":"De Vries","short_name":"F. De Vries","birthday":"1994-11-28","trackable_object":135053,"gender":"male"},{"player_role":{"id":3,"position_group":"Central Defender","name":"Left Center Back","acronym":"LCB"},"start_time":"00:00:00","end_time":null,"number":4,"yellow_card":1,"red_card":0,"injured":false,"goal":0,"own_goal":0,"playing_time":{"total":{"minutes_tip":31.13,"minutes_otip":22.2,"start_frame":10,"end_frame":59059,"minutes_played":98.4,"minutes_played_regular_time":98.4},"by_period":[{"name":"period_1","minutes_tip":18.21,"minutes_otip":11.03,"start_frame":10,"end_frame":27790,"minutes_played":46.3},{"name":"period_2","minutes_tip":12.92,"minutes_otip":11.18,"start_frame":27800,"end_frame":59059,"minutes_played":52.1}]},"team_player_id":1507971,"team_id":4177,"id":33697,"first_name":"Nando","last_name":"Pijnaker","short_name":"N. Pijnaker","birthday":"1999-02-25","trackable_object":34805,"gender":"male"},{"player_role":{"id":4,"position_group":"Central Defender","name":"Right Center Back","acronym":"RCB"},"start_time":"00:00:00","end_time":null,"number":23,"yellow_card":0,"red_card":0,"injured":false,"goal":0,"own_goal":0,"playing_time":{"total":{"minutes_tip":31.13,"minutes_otip":22.2,"start_frame":10,"end_frame":59059,"minutes_played":98.4,"minutes_played_regular_time":98.4},"by_period":[{"name":"period_1","minutes_tip":18.21,"minutes_otip":11.03,"start_frame":10,"end_frame":27790,"minutes_played":46.3},{"name":"period_2","minutes_tip":12.92,"minutes_otip":11.18,"start_frame":27800,"end_frame":59059,"minutes_played":52.1}]},"team_player_id":1507974,"team_id":4177,"id":51667,"first_name":"Daniel","last_name":"Hall","short_name":"D. Hall","birthday":"1999-06-14","trackable_object":52793,"gender":"male"},{"player_role":{"id":7,"position_group":"Midfield","name":"Defensive Midfield","acronym":"DM"},"start_time":"00:00:00","end_time":null,"number":6,"yellow_card":0,"red_card":0,"injured":false,"goal":0,"own_goal":0,"playing_time":{"total":{"minutes_tip":31.13,"minutes_otip":22.2,"start_frame":10,"end_frame":59059,"minutes_played":98.4,"minutes_played_regular_time":98.4},"by_period":[{"name":"period_1","minutes_tip":18.21,"minutes_otip":11.03,"start_frame":10,"end_frame":27790,"minutes_played":46.3},{"name":"period_2","minutes_tip":12.92,"minutes_otip":11.18,"start_frame":27800,"end_frame":59059,"minutes_played":52.1}]},"team_player_id":1507966,"team_id":4177,"id":14736,"first_name":"Louis","last_name":"Verstraete","short_name":"L. Verstraete","birthday":"1999-05-04","trackable_object":14933,"gender":"male"},{"player_role":{"id":17,"position_group":"Other","name":"Substitute","acronym":"SUB"},"start_time":null,"end_time":null,"number":28,"yellow_card":0,"red_card":0,"injured":false,"goal":0,"own_goal":0,"playing_time":{"total":null,"by_period":[]},"team_player_id":1508548,"team_id":1805,"id":966125,"first_name":"Will ","last_name":"Dobson","short_name":"W. Will Dobson","birthday":null,"trackable_object":967688,"gender":"male"},{"player_role":{"id":17,"position_group":"Other","name":"Substitute","acronym":"SUB"},"start_time":null,"end_time":null,"number":21,"yellow_card":0,"red_card":0,"injured":false,"goal":0,"own_goal":0,"playing_time":{"total":null,"by_period":[]},"team_player_id":1508547,"team_id":1805,"id":966124,"first_name":"Noah Paul","last_name":"James","short_name":"N. James","birthday":"2001-02-14","trackable_object":967687,"gender":"male"},{"player_role":{"id":17,"position_group":"Other","name":"Substitute","acronym":"SUB"},"start_time":null,"end_time":null,"number":27,"yellow_card":0,"red_card":0,"injured":false,"goal":0,"own_goal":0,"playing_time":{"total":null,"by_period":[]},"team_player_id":1229663,"team_id":1805,"id":808965,"first_name":"Nathan","last_name":"Grimaldi","short_name":"N. Grimaldi","birthday":"2001-09-15","trackable_object":810528,"gender":"male"},{"player_role":{"id":12,"position_group":"Wide Attacker","name":"Left Winger","acronym":"LW"},"start_time":"00:00:00","end_time":null,"number":39,"yellow_card":0,"red_card":0,"injured":false,"goal":0,"own_goal":0,"playing_time":{"total":{"minutes_tip":22.2,"minutes_otip":31.13,"start_frame":10,"end_frame":59059,"minutes_played":98.4,"minutes_played_regular_time":98.4},"by_period":[{"name":"period_1","minutes_tip":11.03,"minutes_otip":18.21,"start_frame":10,"end_frame":27790,"minutes_played":46.3},{"name":"period_2","minutes_tip":11.18,"minutes_otip":12.92,"start_frame":27800,"end_frame":59059,"minutes_played":52.1}]},"team_player_id":1087109,"team_id":1805,"id":735573,"first_name":"Thomas","last_name":"Aquilina","short_name":"T. Aquilina","birthday":"2001-02-02","trackable_object":737136,"gender":"male"},{"player_role":{"id":0,"position_group":"Other","name":"Goalkeeper","acronym":"GK"},"start_time":"00:00:00","end_time":null,"number":1,"yellow_card":0,"red_card":0,"injured":false,"goal":0,"own_goal":0,"playing_time":{"total":{"minutes_tip":22.2,"minutes_otip":31.13,"start_frame":10,"end_frame":59059,"minutes_played":98.4,"minutes_played_regular_time":98.4},"by_period":[{"name":"period_1","minutes_tip":11.03,"minutes_otip":18.21,"start_frame":10,"end_frame":27790,"minutes_played":46.3},{"name":"period_2","minutes_tip":11.18,"minutes_otip":12.92,"start_frame":27800,"end_frame":59059,"minutes_played":52.1}]},"team_player_id":1204873,"team_id":1805,"id":51009,"first_name":"Ryan","last_name":"Scott","short_name":"R. Scott","birthday":"1995-12-18","trackable_object":52135,"gender":"male"},{"player_role":{"id":4,"position_group":"Central Defender","name":"Right Center Back","acronym":"RCB"},"start_time":"00:00:00","end_time":null,"number":4,"yellow_card":0,"red_card":0,"injured":false,"goal":0,"own_goal":0,"playing_time":{"total":{"minutes_tip":22.2,"minutes_otip":31.13,"start_frame":10,"end_frame":59059,"minutes_played":98.4,"minutes_played_regular_time":98.4},"by_period":[{"name":"period_1","minutes_tip":11.03,"minutes_otip":18.21,"start_frame":10,"end_frame":27790,"minutes_played":46.3},{"name":"period_2","minutes_tip":11.18,"minutes_otip":12.92,"start_frame":27800,"end_frame":59059,"minutes_played":52.1}]},"team_player_id":1204875,"team_id":1805,"id":176224,"first_name":"Phillip","last_name":"Cancar","short_name":"P. Cancar","birthday":"2001-05-11","trackable_object":177779,"gender":"male"},{"player_role":{"id":19,"position_group":"Full Back","name":"Left Back","acronym":"LB"},"start_time":"00:00:00","end_time":null,"number":33,"yellow_card":0,"red_card":0,"injured":false,"goal":0,"own_goal":0,"playing_time":{"total":{"minutes_tip":22.2,"minutes_otip":31.13,"start_frame":10,"end_frame":59059,"minutes_played":98.4,"minutes_played_regular_time":98.4},"by_period":[{"name":"period_1","minutes_tip":11.03,"minutes_otip":18.21,"start_frame":10,"end_frame":27790,"minutes_played":46.3},{"name":"period_2","minutes_tip":11.18,"minutes_otip":12.92,"start_frame":27800,"end_frame":59059,"minutes_played":52.1}]},"team_player_id":1087123,"team_id":1805,"id":735578,"first_name":"Mark","last_name":"Natta","short_name":"M. Natta","birthday":"2002-11-28","trackable_object":737141,"gender":"male"},{"player_role":{"id":22,"position_group":"Midfield","name":"Right Defensive Midfield","acronym":"RDM"},"start_time":"00:00:00","end_time":null,"number":17,"yellow_card":0,"red_card":0,"injured":false,"goal":0,"own_goal":0,"playing_time":{"total":{"minutes_tip":22.2,"minutes_otip":31.13,"start_frame":10,"end_frame":59059,"minutes_played":98.4,"minutes_played_regular_time":98.4},"by_period":[{"name":"period_1","minutes_tip":11.03,"minutes_otip":18.21,"start_frame":10,"end_frame":27790,"minutes_played":46.3},{"name":"period_2","minutes_tip":11.18,"minutes_otip":12.92,"start_frame":27800,"end_frame":59059,"minutes_played":52.1}]},"team_player_id":1087114,"team_id":1805,"id":735574,"first_name":"Kosta","last_name":"Grozos","short_name":"K. Grozos","birthday":"2000-08-10","trackable_object":737137,"gender":"male"},{"player_role":{"id":20,"position_group":"Full Back","name":"Right Back","acronym":"RB"},"start_time":"00:00:00","end_time":null,"number":14,"yellow_card":1,"red_card":0,"injured":false,"goal":0,"own_goal":0,"playing_time":{"total":{"minutes_tip":22.2,"minutes_otip":31.13,"start_frame":10,"end_frame":59059,"minutes_played":98.4,"minutes_played_regular_time":98.4},"by_period":[{"name":"period_1","minutes_tip":11.03,"minutes_otip":18.21,"start_frame":10,"end_frame":27790,"minutes_played":46.3},{"name":"period_2","minutes_tip":11.18,"minutes_otip":12.92,"start_frame":27800,"end_frame":59059,"minutes_played":52.1}]},"team_player_id":1087111,"team_id":1805,"id":50983,"first_name":"Dane","last_name":"Ingham","short_name":"D. Ingham","birthday":"1999-06-08","trackable_object":52109,"gender":"male"},{"player_role":{"id":3,"position_group":"Central Defender","name":"Left Center Back","acronym":"LCB"},"start_time":"00:00:00","end_time":null,"number":15,"yellow_card":1,"red_card":0,"injured":false,"goal":0,"own_goal":0,"playing_time":{"total":{"minutes_tip":22.2,"minutes_otip":31.13,"start_frame":10,"end_frame":59059,"minutes_played":98.4,"minutes_played_regular_time":98.4},"by_period":[{"name":"period_1","minutes_tip":11.03,"minutes_otip":18.21,"start_frame":10,"end_frame":27790,"minutes_played":46.3},{"name":"period_2","minutes_tip":11.18,"minutes_otip":12.92,"start_frame":27800,"end_frame":59059,"minutes_played":52.1}]},"team_player_id":1508538,"team_id":1805,"id":51649,"first_name":"Aleksandar","last_name":"Šušnjar","short_name":"A. Šušnjar","birthday":"1995-08-19","trackable_object":52775,"gender":"male"},{"player_role":{"id":12,"position_group":"Wide Attacker","name":"Left Winger","acronym":"LW"},"start_time":"00:00:00","end_time":null,"number":14,"yellow_card":0,"red_card":0,"injured":false,"goal":0,"own_goal":0,"playing_time":{"total":{"minutes_tip":31.13,"minutes_otip":22.2,"start_frame":10,"end_frame":59059,"minutes_played":98.4,"minutes_played_regular_time":98.4},"by_period":[{"name":"period_1","minutes_tip":18.21,"minutes_otip":11.03,"start_frame":10,"end_frame":27790,"minutes_played":46.3},{"name":"period_2","minutes_tip":12.92,"minutes_otip":11.18,"start_frame":27800,"end_frame":59059,"minutes_played":52.1}]},"team_player_id":1507975,"team_id":4177,"id":965685,"first_name":"Liam ","last_name":"Gillion","short_name":"L. Gillion","birthday":"2002-10-17","trackable_object":967248,"gender":"male"},{"player_role":{"id":15,"position_group":"Center Forward","name":"Center Forward","acronym":"CF"},"start_time":"01:07:43","end_time":null,"number":13,"yellow_card":0,"red_card":0,"injured":false,"goal":0,"own_goal":0,"playing_time":{"total":{"minutes_tip":6.28,"minutes_otip":6.56,"start_frame":41430,"end_frame":59059,"minutes_played":29.38,"minutes_played_regular_time":29.38},"by_period":[{"name":"period_2","minutes_tip":6.28,"minutes_otip":6.56,"start_frame":41430,"end_frame":59059,"minutes_played":29.38}]},"team_player_id":1204871,"team_id":1805,"id":795506,"first_name":"Clayton","last_name":"Taylor","short_name":"C. Taylor","birthday":"2004-03-01","trackable_object":797069,"gender":"male"},{"player_role":{"id":11,"position_group":"Midfield","name":"Attacking Midfield","acronym":"AM"},"start_time":"01:24:58","end_time":null,"number":6,"yellow_card":0,"red_card":0,"injured":false,"goal":0,"own_goal":0,"playing_time":{"total":{"minutes_tip":3.45,"minutes_otip":1.58,"start_frame":51780,"end_frame":59059,"minutes_played":12.13,"minutes_played_regular_time":12.13},"by_period":[{"name":"period_2","minutes_tip":3.45,"minutes_otip":1.58,"start_frame":51780,"end_frame":59059,"minutes_played":12.13}]},"team_player_id":1508543,"team_id":1805,"id":797297,"first_name":"Matthew","last_name":"Scarcella","short_name":"M. Scarcella","birthday":"2004-03-04","trackable_object":798860,"gender":"male"},{"player_role":{"id":11,"position_group":"Midfield","name":"Attacking Midfield","acronym":"AM"},"start_time":"01:00:15","end_time":null,"number":23,"yellow_card":0,"red_card":0,"injured":false,"goal":0,"own_goal":0,"playing_time":{"total":{"minutes_tip":6.98,"minutes_otip":7.76,"start_frame":36950,"end_frame":59059,"minutes_played":36.85,"minutes_played_regular_time":36.85},"by_period":[{"name":"period_2","minutes_tip":6.98,"minutes_otip":7.76,"start_frame":36950,"end_frame":59059,"minutes_played":36.85}]},"team_player_id":1204874,"team_id":1805,"id":560992,"first_name":"Daniel","last_name":"Wilmering","short_name":"D. Wilmering","birthday":"2000-12-19","trackable_object":562549,"gender":"male"},{"player_role":{"id":21,"position_group":"Midfield","name":"Left Defensive Midfield","acronym":"LDM"},"start_time":"01:24:58","end_time":null,"number":29,"yellow_card":0,"red_card":0,"injured":false,"goal":0,"own_goal":0,"playing_time":{"total":{"minutes_tip":3.45,"minutes_otip":1.58,"start_frame":51780,"end_frame":59059,"minutes_played":12.13,"minutes_played_regular_time":12.13},"by_period":[{"name":"period_2","minutes_tip":3.45,"minutes_otip":1.58,"start_frame":51780,"end_frame":59059,"minutes_played":12.13}]},"team_player_id":1216248,"team_id":1805,"id":800320,"first_name":"Justin","last_name":"Vidic","short_name":"J. Vidic","birthday":"2004-04-29","trackable_object":801883,"gender":"male"},{"player_role":{"id":13,"position_group":"Wide Attacker","name":"Right Winger","acronym":"RW"},"start_time":"01:09:53","end_time":null,"number":25,"yellow_card":0,"red_card":0,"injured":false,"goal":1,"own_goal":0,"playing_time":{"total":{"minutes_tip":6.49,"minutes_otip":5.75,"start_frame":42730,"end_frame":59059,"minutes_played":27.22,"minutes_played_regular_time":27.22},"by_period":[{"name":"period_2","minutes_tip":6.49,"minutes_otip":5.75,"start_frame":42730,"end_frame":59059,"minutes_played":27.22}]},"team_player_id":1507969,"team_id":4177,"id":43829,"first_name":"Neyder Stiven","last_name":"Moreno Betancur","short_name":"N. Moreno","birthday":"1997-02-09","trackable_object":44955,"gender":"male"},{"player_role":{"id":2,"position_group":"Central Defender","name":"Center Back","acronym":"CB"},"start_time":"01:25:21","end_time":null,"number":5,"yellow_card":0,"red_card":0,"injured":false,"goal":0,"own_goal":0,"playing_time":{"total":{"minutes_tip":1.58,"minutes_otip":3.45,"start_frame":52010,"end_frame":59059,"minutes_played":11.75,"minutes_played_regular_time":11.75},"by_period":[{"name":"period_2","minutes_tip":1.58,"minutes_otip":3.45,"start_frame":52010,"end_frame":59059,"minutes_played":11.75}]},"team_player_id":1507955,"team_id":4177,"id":31147,"first_name":"Tommy","last_name":"Smith","short_name":"T. Smith","birthday":"1990-03-31","trackable_object":32245,"gender":"male"},{"player_role":{"id":15,"position_group":"Center Forward","name":"Center Forward","acronym":"CF"},"start_time":"01:16:37","end_time":null,"number":9,"yellow_card":0,"red_card":0,"injured":false,"goal":0,"own_goal":0,"playing_time":{"total":{"minutes_tip":4.85,"minutes_otip":4.27,"start_frame":46770,"end_frame":59059,"minutes_played":20.48,"minutes_played_regular_time":20.48},"by_period":[{"name":"period_2","minutes_tip":4.85,"minutes_otip":4.27,"start_frame":46770,"end_frame":59059,"minutes_played":20.48}]},"team_player_id":1507964,"team_id":4177,"id":163972,"first_name":"Max","last_name":"Mata","short_name":"M. Mata","birthday":"2000-07-10","trackable_object":165527,"gender":"male"},{"player_role":{"id":13,"position_group":"Wide Attacker","name":"Right Winger","acronym":"RW"},"start_time":"00:00:00","end_time":"01:09:53","number":27,"yellow_card":1,"red_card":0,"injured":false,"goal":0,"own_goal":0,"playing_time":{"total":{"minutes_tip":24.64,"minutes_otip":16.45,"start_frame":10,"end_frame":42729,"minutes_played":71.18,"minutes_played_regular_time":71.18},"by_period":[{"name":"period_1","minutes_tip":18.21,"minutes_otip":11.03,"start_frame":10,"end_frame":27790,"minutes_played":46.3},{"name":"period_2","minutes_tip":6.43,"minutes_otip":5.42,"start_frame":27800,"end_frame":42729,"minutes_played":24.88}]},"team_player_id":1507961,"team_id":4177,"id":133501,"first_name":"Logan","last_name":"Rogerson","short_name":"L. Rogerson","birthday":"1998-05-28","trackable_object":135056,"gender":"male"},{"player_role":{"id":11,"position_group":"Midfield","name":"Attacking Midfield","acronym":"AM"},"start_time":"00:00:00","end_time":null,"number":28,"yellow_card":0,"red_card":0,"injured":false,"goal":0,"own_goal":0,"playing_time":{"total":{"minutes_tip":31.13,"minutes_otip":22.2,"start_frame":10,"end_frame":59059,"minutes_played":98.4,"minutes_played_regular_time":98.4},"by_period":[{"name":"period_1","minutes_tip":18.21,"minutes_otip":11.03,"start_frame":10,"end_frame":27790,"minutes_played":46.3},{"name":"period_2","minutes_tip":12.92,"minutes_otip":11.18,"start_frame":27800,"end_frame":59059,"minutes_played":52.1}]},"team_player_id":1507957,"team_id":4177,"id":23418,"first_name":"Luis Felipe","last_name":"Gallegos Leiva","short_name":"F. Gallegos","birthday":"1991-12-03","trackable_object":24342,"gender":"male"},{"player_role":{"id":11,"position_group":"Midfield","name":"Attacking Midfield","acronym":"AM"},"start_time":"00:00:00","end_time":"01:00:15","number":37,"yellow_card":0,"red_card":0,"injured":false,"goal":0,"own_goal":0,"playing_time":{"total":{"minutes_tip":15.23,"minutes_otip":23.37,"start_frame":10,"end_frame":36949,"minutes_played":61.55,"minutes_played_regular_time":61.55},"by_period":[{"name":"period_1","minutes_tip":11.03,"minutes_otip":18.21,"start_frame":10,"end_frame":27790,"minutes_played":46.3},{"name":"period_2","minutes_tip":4.2,"minutes_otip":5.16,"start_frame":27800,"end_frame":36949,"minutes_played":15.25}]},"team_player_id":1204872,"team_id":1805,"id":795507,"first_name":"Lachlan","last_name":"Bayliss","short_name":"L. Bayliss","birthday":"2002-07-24","trackable_object":797070,"gender":"male"},{"player_role":{"id":13,"position_group":"Wide Attacker","name":"Right Winger","acronym":"RW"},"start_time":"00:00:00","end_time":"01:24:58","number":7,"yellow_card":0,"red_card":0,"injured":false,"goal":0,"own_goal":0,"playing_time":{"total":{"minutes_tip":18.76,"minutes_otip":29.55,"start_frame":10,"end_frame":51779,"minutes_played":86.26,"minutes_played_regular_time":86.26},"by_period":[{"name":"period_1","minutes_tip":11.03,"minutes_otip":18.21,"start_frame":10,"end_frame":27790,"minutes_played":46.3},{"name":"period_2","minutes_tip":7.73,"minutes_otip":11.34,"start_frame":27800,"end_frame":51779,"minutes_played":39.97}]},"team_player_id":1508540,"team_id":1805,"id":795505,"first_name":"Eli","last_name":"Adams","short_name":"E. Adams","birthday":"2002-03-12","trackable_object":797068,"gender":"male"},{"player_role":{"id":15,"position_group":"Center Forward","name":"Center Forward","acronym":"CF"},"start_time":"00:00:00","end_time":"01:07:43","number":22,"yellow_card":0,"red_card":0,"injured":false,"goal":0,"own_goal":0,"playing_time":{"total":{"minutes_tip":15.92,"minutes_otip":24.57,"start_frame":10,"end_frame":41429,"minutes_played":69.02,"minutes_played_regular_time":69.02},"by_period":[{"name":"period_1","minutes_tip":11.03,"minutes_otip":18.21,"start_frame":10,"end_frame":27790,"minutes_played":46.3},{"name":"period_2","minutes_tip":4.89,"minutes_otip":6.36,"start_frame":27800,"end_frame":41429,"minutes_played":22.72}]},"team_player_id":1508542,"team_id":1805,"id":966120,"first_name":"Benjamin","last_name":"Gibson","short_name":"B. Gibson","birthday":"2003-01-03","trackable_object":967683,"gender":"male"},{"player_role":{"id":17,"position_group":"Other","name":"Substitute","acronym":"SUB"},"start_time":null,"end_time":null,"number":3,"yellow_card":0,"red_card":0,"injured":false,"goal":0,"own_goal":0,"playing_time":{"total":null,"by_period":[]},"team_player_id":1507960,"team_id":4177,"id":23928,"first_name":"Scott","last_name":"Galloway","short_name":"S. Galloway","birthday":"1995-04-25","trackable_object":24886,"gender":"male"},{"player_role":{"id":17,"position_group":"Other","name":"Substitute","acronym":"SUB"},"start_time":null,"end_time":null,"number":1,"yellow_card":0,"red_card":0,"injured":false,"goal":0,"own_goal":0,"playing_time":{"total":null,"by_period":[]},"team_player_id":1507962,"team_id":4177,"id":14355,"first_name":"Michael","last_name":"Woud","short_name":"M. Woud","birthday":"1999-01-16","trackable_object":14552,"gender":"male"},{"player_role":{"id":17,"position_group":"Other","name":"Substitute","acronym":"SUB"},"start_time":null,"end_time":null,"number":8,"yellow_card":0,"red_card":0,"injured":false,"goal":0,"own_goal":0,"playing_time":{"total":null,"by_period":[]},"team_player_id":1507973,"team_id":4177,"id":965684,"first_name":"Luis","last_name":"Toomey","short_name":"L. Toomey","birthday":"2001-07-01","trackable_object":967247,"gender":"male"},{"player_role":{"id":17,"position_group":"Other","name":"Substitute","acronym":"SUB"},"start_time":null,"end_time":null,"number":7,"yellow_card":0,"red_card":0,"injured":false,"goal":0,"own_goal":0,"playing_time":{"total":null,"by_period":[]},"team_player_id":1507959,"team_id":4177,"id":133495,"first_name":"Cameron Drew","last_name":"Howieson","short_name":"C. Howieson","birthday":"1994-12-22","trackable_object":135050,"gender":"male"},{"player_role":{"id":0,"position_group":"Other","name":"Goalkeeper","acronym":"GK"},"start_time":"00:00:00","end_time":null,"number":12,"yellow_card":0,"red_card":0,"injured":false,"goal":0,"own_goal":0,"playing_time":{"total":{"minutes_tip":31.13,"minutes_otip":22.2,"start_frame":10,"end_frame":59059,"minutes_played":98.4,"minutes_played_regular_time":98.4},"by_period":[{"name":"period_1","minutes_tip":18.21,"minutes_otip":11.03,"start_frame":10,"end_frame":27790,"minutes_played":46.3},{"name":"period_2","minutes_tip":12.92,"minutes_otip":11.18,"start_frame":27800,"end_frame":59059,"minutes_played":52.1}]},"team_player_id":1507970,"team_id":4177,"id":285188,"first_name":"Alex Noah","last_name":"Paulsen","short_name":"A. Paulsen","birthday":"2002-07-04","trackable_object":286745,"gender":"male"}],"status":"closed","home_team_side":["right_to_left","left_to_right"],"ball":{"trackable_object":55},"pitch_length":104,"pitch_width":68}