{"id":1996435,"home_team_score":4,"away_team_score":1,"date_time":"2025-02-01T06:00:00Z","stadium":{"id":2806,"name":"Sydney Football Stadium","city":"Moore Park","capacity":41900},"home_team":{"id":869,"name":"Sydney Football Club","short_name":"Sydney FC","acronym":"SYD"},"home_team_kit":{"id":1027,"team_id":869,"season":{"id":3,"start_year":2016,"end_year":2017,"name":"2016/2017"},"name":"Away","jersey_color":"#60afff","number_color":"#0000a0"},"away_team":{"id":866,"name":"Adelaide United Football Club","short_name":"Adelaide United","acronym":"ADE"},"away_team_kit":{"id":4235,"team_id":866,"season":{"id":7,"start_year":2020,"end_year":2021,"name":"2020/2021"},"name":"Away","jersey_color":"#ffff00","number_color":"#ff0000"},"home_team_coach":null,"away_team_coach":null,"home_team_playing_time":{"minutes_tip":28.97,"minutes_otip":24.64},"away_team_playing_time":{"minutes_tip":24.64,"minutes_otip":28.97},"competition_edition":{"id":870,"competition":{"id":61,"area":"AUS","name":"A-League","gender":"male","age_group":"adult"},"season":{"id":95,"start_year":2024,"end_year":2025,"name":"2024/2025"},"name":"AUS - A-League - 2024/2025"},"match_periods":[{"period":1,"name":"period_1","start_frame":10,"end_frame":28020,"duration_frames":28010,"duration_minutes":46.68},{"period":2,"name":"period_2","start_frame":28030,"end_frame":57620,"duration_frames":29590,"duration_minutes":49.32}],"competition_round":{"id":622,"name":"Round 17","round_number":17,"potential_overtime":false},"referees":[],"players":[{"player_role":{"id":11,"position_group":"Midfield","name":"Attacking Midfield","acronym":"AM"},"start_time":"01:24:41","end_time":null,"number":44,"yellow_card":0,"red_card":0,"injured":false,"goal":0,"own_goal":0,"playing_time":{"total":{"minutes_tip":3.3,"minutes_otip":1.78,"start_frame":51840,"end_frame":57619,"minutes_played":9.63,"minutes_played_regular_time":9.63},"by_period":[{"name":"period_2","minutes_tip":3.3,"minutes_otip":1.78,"start_frame":51840,"end_frame":57619,"minutes_played":9.63}]},"team_player_id":1503711,"team_id":866,"id":962802,"first_name":"Ryan","last_name":"White","short_name":"R. White","birthday":"2004-05-23","trackable_object":964365,"gender":"male"},{"player_role":{"id":22,"position_group":"Midfield","name":"Right Defensive Midfield","acronym":"RDM"},"start_time":"01:07:47","end_time":null,"number":7,"yellow_card":0,"red_card":0,"injured":false,"goal":1,"own_goal":0,"playing_time":{"total":{"minutes_tip":4.93,"minutes_otip":7.95,"start_frame":41700,"end_frame":57619,"minutes_played":26.53,"minutes_played_regular_time":26.53},"by_period":[{"name":"period_2","minutes_tip":4.93,"minutes_otip":7.95,"start_frame":41700,"end_frame":57619,"minutes_played":26.53}]},"team_player_id":181672,"team_id":869,"id":133854,"first_name":"Adrian","last_name":"Segecic","short_name":"A. Segecic","birthday":"2004-06-01","trackable_object":135409,"gender":"male"},{"player_role":{"id":12,"position_group":"Wide Attacker","name":"Left Winger","acronym":"LW"},"start_time":"00:00:00","end_time":"01:16:45","number":8,"yellow_card":0,"red_card":0,"injured":false,"goal":0,"own_goal":0,"playing_time":{"total":{"minutes_tip":25.18,"minutes_otip":19.52,"start_frame":10,"end_frame":47079,"minutes_played":78.43,"minutes_played_regular_time":78.43},"by_period":[{"name":"period_1","minutes_tip":17.53,"minutes_otip":11.84,"start_frame":10,"end_frame":28020,"minutes_played":46.68},{"name":"period_2","minutes_tip":7.66,"minutes_otip":7.68,"start_frame":28030,"end_frame":47079,"minutes_played":31.75}]},"team_player_id":1460452,"team_id":869,"id":25534,"first_name":"Anas","last_name":"Ouahim","short_name":"A. Ouahim","birthday":"1997-09-23","trackable_object":26580,"gender":"male"},{"player_role":{"id":22,"position_group":"Midfield","name":"Right Defensive Midfield","acronym":"RDM"},"start_time":"00:58:58","end_time":null,"number":8,"yellow_card":0,"red_card":0,"injured":false,"goal":0,"own_goal":0,"playing_time":{"total":{"minutes_tip":10.0,"minutes_otip":8.26,"start_frame":36410,"end_frame":57619,"minutes_played":35.35,"minutes_played_regular_time":35.35},"by_period":[{"name":"period_2","minutes_tip":10.0,"minutes_otip":8.26,"start_frame":36410,"end_frame":57619,"minutes_played":35.35}]},"team_player_id":828194,"team_id":866,"id":560895,"first_name":"Isaías","last_name":"Sánchez Cortés","short_name":"Isaias","birthday":"1987-02-09","trackable_object":562452,"gender":"male"},{"player_role":{"id":19,"position_group":"Full Back","name":"Left Back","acronym":"LB"},"start_time":"00:00:00","end_time":null,"number":62,"yellow_card":0,"red_card":0,"injured":false,"goal":0,"own_goal":0,"playing_time":{"total":{"minutes_tip":24.64,"minutes_otip":28.97,"start_frame":10,"end_frame":57619,"minutes_played":96.0,"minutes_played_regular_time":96.0},"by_period":[{"name":"period_1","minutes_tip":11.84,"minutes_otip":17.53,"start_frame":10,"end_frame":28020,"minutes_played":46.68},{"name":"period_2","minutes_tip":12.79,"minutes_otip":11.44,"start_frame":28030,"end_frame":57619,"minutes_played":49.32}]},"team_player_id":1519037,"team_id":866,"id":973078,"first_name":"Fabian","last_name":"Talladira","short_name":"F. Talladira","birthday":"2006-02-04","trackable_object":974641,"gender":"male"},{"player_role":{"id":22,"position_group":"Midfield","name":"Right Defensive Midfield","acronym":"RDM"},"start_time":"00:00:00","end_time":null,"number":6,"yellow_card":0,"red_card":0,"injured":false,"goal":0,"own_goal":0,"playing_time":{"total":{"minutes_tip":28.97,"minutes_otip":24.64,"start_frame":10,"end_frame":57619,"minutes_played":96.0,"minutes_played_regular_time":96.0},"by_period":[{"name":"period_1","minutes_tip":17.53,"minutes_otip":11.84,"start_frame":10,"end_frame":28020,"minutes_played":46.68},{"name":"period_2","minutes_tip":11.44,"minutes_otip":12.79,"start_frame":28030,"end_frame":57619,"minutes_played":49.32}]},"team_player_id":181669,"team_id":869,"id":133852,"first_name":"Corey","last_name":"Hollman","short_name":"C. Hollman","birthday":"2003-09-25","trackable_object":135407,"gender":"male"},{"player_role":{"id":15,"position_group":"Center Forward","name":"Center Forward","acronym":"CF"},"start_time":"01:21:43","end_time":null,"number":11,"yellow_card":0,"red_card":0,"injured":false,"goal":0,"own_goal":0,"playing_time":{"total":{"minutes_tip":2.32,"minutes_otip":3.32,"start_frame":50060,"end_frame":57619,"minutes_played":12.6,"minutes_played_regular_time":12.6},"by_period":[{"name":"period_2","minutes_tip":2.32,"minutes_otip":3.32,"start_frame":50060,"end_frame":57619,"minutes_played":12.6}]},"team_player_id":1460450,"team_id":869,"id":2858,"first_name":"Douglas ","last_name":"Costa de Souza","short_name":"Douglas Costa","birthday":"1990-09-14","trackable_object":2868,"gender":"male"},{"player_role":{"id":3,"position_group":"Central Defender","name":"Left Center Back","acronym":"LCB"},"start_time":"00:00:00","end_time":null,"number":51,"yellow_card":0,"red_card":0,"injured":false,"goal":0,"own_goal":0,"playing_time":{"total":{"minutes_tip":24.64,"minutes_otip":28.97,"start_frame":10,"end_frame":57619,"minutes_played":96.0,"minutes_played_regular_time":96.0},"by_period":[{"name":"period_1","minutes_tip":11.84,"minutes_otip":17.53,"start_frame":10,"end_frame":28020,"minutes_played":46.68},{"name":"period_2","minutes_tip":12.79,"minutes_otip":11.44,"start_frame":28030,"end_frame":57619,"minutes_played":49.32}]},"team_player_id":1233517,"team_id":866,"id":809759,"first_name":"Panagiotis","last_name":"Kikianis","short_name":"P. Kikianis","birthday":"2005-03-08","trackable_object":811322,"gender":"male"},{"player_role":{"id":15,"position_group":"Center Forward","name":"Center Forward","acronym":"CF"},"start_time":"00:00:00","end_time":"01:21:43","number":9,"yellow_card":0,"red_card":0,"injured":false,"goal":1,"own_goal":0,"playing_time":{"total":{"minutes_tip":26.65,"minutes_otip":21.31,"start_frame":10,"end_frame":50059,"minutes_played":83.4,"minutes_played_regular_time":83.4},"by_period":[{"name":"period_1","minutes_tip":17.53,"minutes_otip":11.84,"start_frame":10,"end_frame":28020,"minutes_played":46.68},{"name":"period_2","minutes_tip":9.12,"minutes_otip":9.47,"start_frame":28030,"end_frame":50059,"minutes_played":36.72}]},"team_player_id":1460453,"team_id":869,"id":17231,"first_name":"Patryk","last_name":"Klimala","short_name":"P. Klimala","birthday":"1998-08-05","trackable_object":17428,"gender":"male"},{"player_role":{"id":13,"position_group":"Wide Attacker","name":"Right Winger","acronym":"RW"},"start_time":"00:00:00","end_time":"01:24:41","number":10,"yellow_card":0,"red_card":0,"injured":false,"goal":0,"own_goal":0,"playing_time":{"total":{"minutes_tip":21.33,"minutes_otip":27.2,"start_frame":10,"end_frame":51839,"minutes_played":86.36,"minutes_played_regular_time":86.36},"by_period":[{"name":"period_1","minutes_tip":11.84,"minutes_otip":17.53,"start_frame":10,"end_frame":28020,"minutes_played":46.68},{"name":"period_2","minutes_tip":9.49,"minutes_otip":9.67,"start_frame":28030,"end_frame":51839,"minutes_played":39.68}]},"team_player_id":828192,"team_id":866,"id":42513,"first_name":"Zach","last_name":"Clough","short_name":"Z. Clough","birthday":"1995-03-08","trackable_object":43639,"gender":"male"},{"player_role":{"id":21,"position_group":"Midfield","name":"Left Defensive Midfield","acronym":"LDM"},"start_time":"00:00:00","end_time":null,"number":55,"yellow_card":0,"red_card":0,"injured":false,"goal":0,"own_goal":0,"playing_time":{"total":{"minutes_tip":24.64,"minutes_otip":28.97,"start_frame":10,"end_frame":57619,"minutes_played":96.0,"minutes_played_regular_time":96.0},"by_period":[{"name":"period_1","minutes_tip":11.84,"minutes_otip":17.53,"start_frame":10,"end_frame":28020,"minutes_played":46.68},{"name":"period_2","minutes_tip":12.79,"minutes_otip":11.44,"start_frame":28030,"end_frame":57619,"minutes_played":49.32}]},"team_player_id":828191,"team_id":866,"id":560893,"first_name":"Ethan","last_name":"Alagich","short_name":"E. Alagich","birthday":"2003-12-18","trackable_object":562450,"gender":"male"},{"player_role":{"id":13,"position_group":"Wide Attacker","name":"Right Winger","acronym":"RW"},"start_time":"01:24:41","end_time":null,"number":42,"yellow_card":0,"red_card":0,"injured":false,"goal":0,"own_goal":0,"playing_time":{"total":{"minutes_tip":3.3,"minutes_otip":1.78,"start_frame":51840,"end_frame":57619,"minutes_played":9.63,"minutes_played_regular_time":9.63},"by_period":[{"name":"period_2","minutes_tip":3.3,"minutes_otip":1.78,"start_frame":51840,"end_frame":57619,"minutes_played":9.63}]},"team_player_id":1228526,"team_id":866,"id":808608,"first_name":"Austin","last_name":"Ayoubi","short_name":"A. Ayoubi","birthday":"2001-07-27","trackable_object":810171,"gender":"male"},{"player_role":{"id":12,"position_group":"Wide Attacker","name":"Left Winger","acronym":"LW"},"start_time":"01:10:46","end_time":null,"number":19,"yellow_card":0,"red_card":0,"injured":false,"goal":0,"own_goal":0,"playing_time":{"total":{"minutes_tip":7.09,"minutes_otip":4.46,"start_frame":43490,"end_frame":57619,"minutes_played":23.55,"minutes_played_regular_time":23.55},"by_period":[{"name":"period_2","minutes_tip":7.09,"minutes_otip":4.46,"start_frame":43490,"end_frame":57619,"minutes_played":23.55}]},"team_player_id":72965,"team_id":866,"id":50971,"first_name":"Yaya","last_name":"Dukuly","short_name":"Y. Dukuly","birthday":"2003-01-17","trackable_object":52097,"gender":"male"},{"player_role":{"id":12,"position_group":"Wide Attacker","name":"Left Winger","acronym":"LW"},"start_time":"01:16:45","end_time":null,"number":25,"yellow_card":0,"red_card":0,"injured":false,"goal":0,"own_goal":0,"playing_time":{"total":{"minutes_tip":3.79,"minutes_otip":5.12,"start_frame":47080,"end_frame":57619,"minutes_played":17.57,"minutes_played_regular_time":17.57},"by_period":[{"name":"period_2","minutes_tip":3.79,"minutes_otip":5.12,"start_frame":47080,"end_frame":57619,"minutes_played":17.57}]},"team_player_id":181671,"team_id":869,"id":133853,"first_name":"Jaiden","last_name":"Kucharski","short_name":"J. Kucharski","birthday":"2002-06-25","trackable_object":135408,"gender":"male"},{"player_role":{"id":19,"position_group":"Full Back","name":"Left Back","acronym":"LB"},"start_time":"00:00:00","end_time":null,"number":4,"yellow_card":1,"red_card":0,"injured":false,"goal":0,"own_goal":0,"playing_time":{"total":{"minutes_tip":28.97,"minutes_otip":24.64,"start_frame":10,"end_frame":57619,"minutes_played":96.0,"minutes_played_regular_time":96.0},"by_period":[{"name":"period_1","minutes_tip":17.53,"minutes_otip":11.84,"start_frame":10,"end_frame":28020,"minutes_played":46.68},{"name":"period_2","minutes_tip":11.44,"minutes_otip":12.79,"start_frame":28030,"end_frame":57619,"minutes_played":49.32}]},"team_player_id":1204957,"team_id":869,"id":51000,"first_name":"Jordan","last_name":"Courtney-Perkins","short_name":"J. Courtney-Perkins","birthday":"2002-11-06","trackable_object":52126,"gender":"male"},{"player_role":{"id":11,"position_group":"Midfield","name":"Attacking Midfield","acronym":"AM"},"start_time":"00:00:00","end_time":"01:10:46","number":6,"yellow_card":0,"red_card":0,"injured":false,"goal":0,"own_goal":0,"playing_time":{"total":{"minutes_tip":17.55,"minutes_otip":24.51,"start_frame":10,"end_frame":43489,"minutes_played":72.45,"minutes_played_regular_time":72.45},"by_period":[{"name":"period_1","minutes_tip":11.84,"minutes_otip":17.53,"start_frame":10,"end_frame":28020,"minutes_played":46.68},{"name":"period_2","minutes_tip":5.7,"minutes_otip":6.98,"start_frame":28030,"end_frame":43489,"minutes_played":25.76}]},"team_player_id":72952,"team_id":866,"id":50959,"first_name":"Stefan","last_name":"Mauk","short_name":"S. Mauk","birthday":"1995-10-12","trackable_object":52085,"gender":"male"},{"player_role":{"id":13,"position_group":"Wide Attacker","name":"Right Winger","acronym":"RW"},"start_time":"00:00:00","end_time":null,"number":10,"yellow_card":0,"red_card":0,"injured":false,"goal":1,"own_goal":0,"playing_time":{"total":{"minutes_tip":28.97,"minutes_otip":24.64,"start_frame":10,"end_frame":57619,"minutes_played":96.0,"minutes_played_regular_time":96.0},"by_period":[{"name":"period_1","minutes_tip":17.53,"minutes_otip":11.84,"start_frame":10,"end_frame":28020,"minutes_played":46.68},{"name":"period_2","minutes_tip":11.44,"minutes_otip":12.79,"start_frame":28030,"end_frame":57619,"minutes_played":49.32}]},"team_player_id":1204956,"team_id":869,"id":18573,"first_name":"Joe","last_name":"Lolley","short_name":"J. Lolley","birthday":"1992-08-25","trackable_object":18770,"gender":"male"},{"player_role":{"id":20,"position_group":"Full Back","name":"Right Back","acronym":"RB"},"start_time":"00:00:00","end_time":"01:07:47","number":21,"yellow_card":1,"red_card":0,"injured":false,"goal":0,"own_goal":0,"playing_time":{"total":{"minutes_tip":24.04,"minutes_otip":16.69,"start_frame":10,"end_frame":41699,"minutes_played":69.46,"minutes_played_regular_time":69.46},"by_period":[{"name":"period_1","minutes_tip":17.53,"minutes_otip":11.84,"start_frame":10,"end_frame":28020,"minutes_played":46.68},{"name":"period_2","minutes_tip":6.51,"minutes_otip":4.84,"start_frame":28030,"end_frame":41699,"minutes_played":22.78}]},"team_player_id":1204965,"team_id":869,"id":795547,"first_name":"Zachary","last_name":"de Jesus","short_name":"Z. de Jesus","birthday":"2006-02-04","trackable_object":797110,"gender":"male"},{"player_role":{"id":4,"position_group":"Central Defender","name":"Right Center Back","acronym":"RCB"},"start_time":"00:00:00","end_time":null,"number":3,"yellow_card":0,"red_card":0,"injured":false,"goal":0,"own_goal":0,"playing_time":{"total":{"minutes_tip":24.64,"minutes_otip":28.97,"start_frame":10,"end_frame":57619,"minutes_played":96.0,"minutes_played_regular_time":96.0},"by_period":[{"name":"period_1","minutes_tip":11.84,"minutes_otip":17.53,"start_frame":10,"end_frame":28020,"minutes_played":46.68},{"name":"period_2","minutes_tip":12.79,"minutes_otip":11.44,"start_frame":28030,"end_frame":57619,"minutes_played":49.32}]},"team_player_id":1511476,"team_id":866,"id":26766,"first_name":"Bart","last_name":"Vriends","short_name":"B. Vriends","birthday":"1991-05-09","trackable_object":27846,"gender":"male"},{"player_role":{"id":12,"position_group":"Wide Attacker","name":"Left Winger","acronym":"LW"},"start_time":"00:00:00","end_time":"01:24:41","number":12,"yellow_card":0,"red_card":0,"injured":false,"goal":0,"own_goal":0,"playing_time":{"total":{"minutes_tip":21.33,"minutes_otip":27.2,"start_frame":10,"end_frame":51839,"minutes_played":86.36,"minutes_played_regular_time":86.36},"by_period":[{"name":"period_1","minutes_tip":11.84,"minutes_otip":17.53,"start_frame":10,"end_frame":28020,"minutes_played":46.68},{"name":"period_2","minutes_tip":9.49,"minutes_otip":9.67,"start_frame":28030,"end_frame":51839,"minutes_played":39.68}]},"team_player_id":74004,"team_id":866,"id":51646,"first_name":"Jonny ","last_name":"Yull","short_name":"J. Yull","birthday":"2005-03-05","trackable_object":52772,"gender":"male"},{"player_role":{"id":20,"position_group":"Full Back","name":"Right Back","acronym":"RB"},"start_time":"00:00:00","end_time":null,"number":20,"yellow_card":0,"red_card":0,"injured":false,"goal":1,"own_goal":0,"playing_time":{"total":{"minutes_tip":24.64,"minutes_otip":28.97,"start_frame":10,"end_frame":57619,"minutes_played":96.0,"minutes_played_regular_time":96.0},"by_period":[{"name":"period_1","minutes_tip":11.84,"minutes_otip":17.53,"start_frame":10,"end_frame":28020,"minutes_played":46.68},{"name":"period_2","minutes_tip":12.79,"minutes_otip":11.44,"start_frame":28030,"end_frame":57619,"minutes_played":49.32}]},"team_player_id":1503707,"team_id":866,"id":51005,"first_name":"Dylan","last_name":"Pierias","short_name":"D. Pierias","birthday":"2000-02-20","trackable_object":52131,"gender":"male"},{"player_role":{"id":22,"position_group":"Midfield","name":"Right Defensive Midfield","acronym":"RDM"},"start_time":"00:00:00","end_time":"00:58:58","number":14,"yellow_card":1,"red_card":0,"injured":false,"goal":0,"own_goal":0,"playing_time":{"total":{"minutes_tip":14.64,"minutes_otip":20.71,"start_frame":10,"end_frame":36409,"minutes_played":60.65,"minutes_played_regular_time":60.65},"by_period":[{"name":"period_1","minutes_tip":11.84,"minutes_otip":17.53,"start_frame":10,"end_frame":28020,"minutes_played":46.68},{"name":"period_2","minutes_tip":2.8,"minutes_otip":3.18,"start_frame":28030,"end_frame":36409,"minutes_played":13.96}]},"team_player_id":1503708,"team_id":866,"id":50949,"first_name":"Jay","last_name":"Barnett","short_name":"J. Barnett","birthday":"2001-02-14","trackable_object":52075,"gender":"male"},{"player_role":{"id":15,"position_group":"Center Forward","name":"Center Forward","acronym":"CF"},"start_time":"00:58:58","end_time":null,"number":9,"yellow_card":0,"red_card":0,"injured":false,"goal":0,"own_goal":0,"playing_time":{"total":{"minutes_tip":10.0,"minutes_otip":8.26,"start_frame":36410,"end_frame":57619,"minutes_played":35.35,"minutes_played_regular_time":35.35},"by_period":[{"name":"period_2","minutes_tip":10.0,"minutes_otip":8.26,"start_frame":36410,"end_frame":57619,"minutes_played":35.35}]},"team_player_id":1210122,"team_id":866,"id":797295,"first_name":"Luka","last_name":"Jovanovic","short_name":"L. Jovanovic","birthday":"2005-05-20","trackable_object":798858,"gender":"male"},{"player_role":{"id":15,"position_group":"Center Forward","name":"Center Forward","acronym":"CF"},"start_time":"00:00:00","end_time":"00:58:58","number":26,"yellow_card":0,"red_card":0,"injured":false,"goal":0,"own_goal":0,"playing_time":{"total":{"minutes_tip":14.64,"minutes_otip":20.71,"start_frame":10,"end_frame":36409,"minutes_played":60.65,"minutes_played_regular_time":60.65},"by_period":[{"name":"period_1","minutes_tip":11.84,"minutes_otip":17.53,"start_frame":10,"end_frame":28020,"minutes_played":46.68},{"name":"period_2","minutes_tip":2.8,"minutes_otip":3.18,"start_frame":28030,"end_frame":36409,"minutes_played":13.96}]},"team_player_id":1503709,"team_id":866,"id":51686,"first_name":"Archie","last_name":"Goodwin","short_name":"A. Goodwin","birthday":"2004-11-07","trackable_object":52812,"gender":"male"},{"player_role":{"id":17,"position_group":"Other","name":"Substitute","acronym":"SUB"},"start_time":null,"end_time":null,"number":60,"yellow_card":0,"red_card":0,"injured":false,"goal":0,"own_goal":0,"playing_time":{"total":null,"by_period":[]},"team_player_id":1555873,"team_id":866,"id":998257,"first_name":"Oscar","last_name":"Page","short_name":"O. Page","birthday":"2006-04-26","trackable_object":999820,"gender":"male"},{"player_role":{"id":17,"position_group":"Other","name":"Substitute","acronym":"SUB"},"start_time":null,"end_time":null,"number":27,"yellow_card":0,"red_card":0,"injured":false,"goal":0,"own_goal":0,"playing_time":{"total":null,"by_period":[]},"team_player_id":72955,"team_id":866,"id":50962,"first_name":"Joshua","last_name":"Cavallo","short_name":"J. Cavallo","birthday":"1999-11-13","trackable_object":52088,"gender":"male"},{"player_role":{"id":0,"position_group":"Other","name":"Goalkeeper","acronym":"GK"},"start_time":"00:00:00","end_time":null,"number":40,"yellow_card":0,"red_card":0,"injured":false,"goal":0,"own_goal":0,"playing_time":{"total":{"minutes_tip":24.64,"minutes_otip":28.97,"start_frame":10,"end_frame":57619,"minutes_played":96.0,"minutes_played_regular_time":96.0},"by_period":[{"name":"period_1","minutes_tip":11.84,"minutes_otip":17.53,"start_frame":10,"end_frame":28020,"minutes_played":46.68},{"name":"period_2","minutes_tip":12.79,"minutes_otip":11.44,"start_frame":28030,"end_frame":57619,"minutes_played":49.32}]},"team_player_id":1230225,"team_id":866,"id":809070,"first_name":"Ethan","last_name":"Cox","short_name":"E. Cox","birthday":"2004-01-07","trackable_object":810633,"gender":"male"},{"player_role":{"id":17,"position_group":"Other","name":"Substitute","acronym":"SUB"},"start_time":null,"end_time":null,"number":37,"yellow_card":0,"red_card":0,"injured":false,"goal":0,"own_goal":0,"playing_time":{"total":null,"by_period":[]},"team_player_id":1508754,"team_id":869,"id":966307,"first_name":"Will","last_name":"Kennedy","short_name":"W. Kennedy","birthday":"2005-02-14","trackable_object":967870,"gender":"male"},{"player_role":{"id":17,"position_group":"Other","name":"Substitute","acronym":"SUB"},"start_time":null,"end_time":null,"number":24,"yellow_card":0,"red_card":0,"injured":false,"goal":0,"own_goal":0,"playing_time":{"total":null,"by_period":[]},"team_player_id":1204962,"team_id":869,"id":795544,"first_name":"Wataru","last_name":"Kamijo","short_name":"W. Kamijo","birthday":"2006-04-17","trackable_object":797107,"gender":"male"},{"player_role":{"id":17,"position_group":"Other","name":"Substitute","acronym":"SUB"},"start_time":null,"end_time":null,"number":20,"yellow_card":0,"red_card":0,"injured":false,"goal":0,"own_goal":0,"playing_time":{"total":null,"by_period":[]},"team_player_id":1243940,"team_id":869,"id":813317,"first_name":"Tiago","last_name":"Quintal","short_name":"T. Quintal","birthday":"2006-06-16","trackable_object":814880,"gender":"male"},{"player_role":{"id":17,"position_group":"Other","name":"Substitute","acronym":"SUB"},"start_time":null,"end_time":null,"number":1,"yellow_card":0,"red_card":0,"injured":false,"goal":0,"own_goal":0,"playing_time":{"total":null,"by_period":[]},"team_player_id":73060,"team_id":869,"id":51047,"first_name":"Andrew","last_name":"Redmayne","short_name":"A. Redmayne","birthday":"1989-01-13","trackable_object":52173,"gender":"male"},{"player_role":{"id":4,"position_group":"Central Defender","name":"Right Center Back","acronym":"RCB"},"start_time":"00:00:00","end_time":null,"number":23,"yellow_card":1,"red_card":0,"injured":false,"goal":0,"own_goal":0,"playing_time":{"total":{"minutes_tip":28.97,"minutes_otip":24.64,"start_frame":10,"end_frame":57619,"minutes_played":96.0,"minutes_played_regular_time":96.0},"by_period":[{"name":"period_1","minutes_tip":17.53,"minutes_otip":11.84,"start_frame":10,"end_frame":28020,"minutes_played":46.68},{"name":"period_2","minutes_tip":11.44,"minutes_otip":12.79,"start_frame":28030,"end_frame":57619,"minutes_played":49.32}]},"team_player_id":74001,"team_id":869,"id":51644,"first_name":"Rhyan","last_name":"Grant","short_name":"R. Grant","birthday":"1991-02-26","trackable_object":52770,"gender":"male"},{"player_role":{"id":21,"position_group":"Midfield","name":"Left Defensive Midfield","acronym":"LDM"},"start_time":"00:00:00","end_time":null,"number":15,"yellow_card":0,"red_card":0,"injured":false,"goal":0,"own_goal":0,"playing_time":{"total":{"minutes_tip":28.97,"minutes_otip":24.64,"start_frame":10,"end_frame":57619,"minutes_played":96.0,"minutes_played_regular_time":96.0},"by_period":[{"name":"period_1","minutes_tip":17.53,"minutes_otip":11.84,"start_frame":10,"end_frame":28020,"minutes_played":46.68},{"name":"period_2","minutes_tip":11.44,"minutes_otip":12.79,"start_frame":28030,"end_frame":57619,"minutes_played":49.32}]},"team_player_id":1460449,"team_id":869,"id":28293,"first_name":"Leonardo","last_name":"de Souza Sena","short_name":"Léo Sena","birthday":"1995-12-31","trackable_object":29376,"gender":"male"},{"player_role":{"id":3,"position_group":"Central Defender","name":"Left Center Back","acronym":"LCB"},"start_time":"00:00:00","end_time":null,"number":42,"yellow_card":0,"red_card":0,"injured":false,"goal":0,"own_goal":0,"playing_time":{"total":{"minutes_tip":28.97,"minutes_otip":24.64,"start_frame":10,"end_frame":57619,"minutes_played":96.0,"minutes_played_regular_time":96.0},"by_period":[{"name":"period_1","minutes_tip":17.53,"minutes_otip":11.84,"start_frame":10,"end_frame":28020,"minutes_played":46.68},{"name":"period_2","minutes_tip":11.44,"minutes_otip":12.79,"start_frame":28030,"end_frame":57619,"minutes_played":49.32}]},"team_player_id":1555872,"team_id":869,"id":998256,"first_name":"Kyle Reilly ","last_name":"Shaw","short_name":"K. Shaw","birthday":"2004-09-07","trackable_object":999819,"gender":"male"},{"player_role":{"id":0,"position_group":"Other","name":"Goalkeeper","acronym":"GK"},"start_time":"00:00:00","end_time":null,"number":12,"yellow_card":0,"red_card":0,"injured":false,"goal":0,"own_goal":0,"playing_time":{"total":{"minutes_tip":28.97,"minutes_otip":24.64,"start_frame":10,"end_frame":57619,"minutes_played":96.0,"minutes_played_regular_time":96.0},"by_period":[{"name":"period_1","minutes_tip":17.53,"minutes_otip":11.84,"start_frame":10,"end_frame":28020,"minutes_played":46.68},{"name":"period_2","minutes_tip":11.44,"minutes_otip":12.79,"start_frame":28030,"end_frame":57619,"minutes_played":49.32}]},"team_player_id":1460448,"team_id":869,"id":931987,"first_name":"Harrison","last_name":"Devenish-Meares","short_name":"H. Devenish-Meares","birthday":"1996-10-27","trackable_object":933550,"gender":"male"},{"player_role":{"id":11,"position_group":"Midfield","name":"Attacking Midfield","acronym":"AM"},"start_time":"00:00:00","end_time":null,"number":17,"yellow_card":0,"red_card":0,"injured":false,"goal":1,"own_goal":0,"playing_time":{"total":{"minutes_tip":28.97,"minutes_otip":24.64,"start_frame":10,"end_frame":57619,"minutes_played":96.0,"minutes_played_regular_time":96.0},"by_period":[{"name":"period_1","minutes_tip":17.53,"minutes_otip":11.84,"start_frame":10,"end_frame":28020,"minutes_played":46.68},{"name":"period_2","minutes_tip":11.44,"minutes_otip":12.79,"start_frame":28030,"end_frame":57619,"minutes_played":49.32}]},"team_player_id":73058,"team_id":869,"id":51045,"first_name":"Anthony","last_name":"Cáceres","short_name":"A. Cáceres","birthday":"1992-09-29","trackable_object":52171,"gender":"male"}],"status":"closed","home_team_side":["left_to_right","right_to_left"],"ball":{"trackable_object":55},"pitch_length":105,"pitch_width":68}