{"id":1953632,"home_team_score":1,"away_team_score":1,"date_time":"2024-12-31T08:00:00Z","stadium":{"id":1484,"name":"Central Coast Stadium","city":"Gosford","capacity":20119},"home_team":{"id":870,"name":"Central Coast Mariners Football Club","short_name":"CC Mariners","acronym":"CCM"},"home_team_kit":{"id":1024,"team_id":870,"season":{"id":3,"start_year":2016,"end_year":2017,"name":"2016/2017"},"name":"Home","jersey_color":"#f9db0d","number_color":"#000000"},"away_team":{"id":2380,"name":"Melbourne City FC","short_name":"Melbourne City","acronym":"MEL"},"away_team_kit":{"id":6697,"team_id":2380,"season":{"id":6,"start_year":2019,"end_year":2020,"name":"2019/2020"},"name":"Home","jersey_color":"#000000","number_color":"#ffffff"},"home_team_coach":null,"away_team_coach":null,"home_team_playing_time":{"minutes_tip":18.17,"minutes_otip":36.43},"away_team_playing_time":{"minutes_tip":36.43,"minutes_otip":18.17},"competition_edition":{"id":870,"competition":{"id":61,"area":"AUS","name":"A-League","gender":"male","age_group":"adult"},"season":{"id":95,"start_year":2024,"end_year":2025,"name":"2024/2025"},"name":"AUS - A-League - 2024/2025"},"match_periods":[{"period":1,"name":"period_1","start_frame":10,"end_frame":28970,"duration_frames":28960,"duration_minutes":48.27},{"period":2,"name":"period_2","start_frame":28980,"end_frame":59250,"duration_frames":30270,"duration_minutes":50.45}],"competition_round":{"id":616,"name":"Round 11","round_number":11,"potential_overtime":false},"referees":[],"players":[{"player_role":{"id":3,"position_group":"Central Defender","name":"Left Center Back","acronym":"LCB"},"start_time":"00:00:00","end_time":null,"number":33,"yellow_card":0,"red_card":0,"injured":false,"goal":1,"own_goal":0,"playing_time":{"total":{"minutes_tip":18.17,"minutes_otip":36.43,"start_frame":10,"end_frame":59249,"minutes_played":98.72,"minutes_played_regular_time":98.72},"by_period":[{"name":"period_1","minutes_tip":8.48,"minutes_otip":22.04,"start_frame":10,"end_frame":28970,"minutes_played":48.27},{"name":"period_2","minutes_tip":9.69,"minutes_otip":14.39,"start_frame":28980,"end_frame":59249,"minutes_played":50.45}]},"team_player_id":1204883,"team_id":870,"id":795511,"first_name":"Nathan","last_name":"Paull","short_name":"N. Paull","birthday":"2003-08-21","trackable_object":797074,"gender":"male"},{"player_role":{"id":14,"position_group":"Wide Attacker","name":"Left Forward","acronym":"LF"},"start_time":"01:13:42","end_time":null,"number":47,"yellow_card":0,"red_card":0,"injured":false,"goal":0,"own_goal":0,"playing_time":{"total":{"minutes_tip":8.21,"minutes_otip":2.32,"start_frame":46200,"end_frame":59249,"minutes_played":21.75,"minutes_played_regular_time":21.75},"by_period":[{"name":"period_2","minutes_tip":8.21,"minutes_otip":2.32,"start_frame":46200,"end_frame":59249,"minutes_played":21.75}]},"team_player_id":1504088,"team_id":2380,"id":963054,"first_name":"Kavian","last_name":"Rahmani","short_name":"K. Rahmani","birthday":"2006-12-29","trackable_object":964617,"gender":"male"},{"player_role":{"id":7,"position_group":"Midfield","name":"Defensive Midfield","acronym":"DM"},"start_time":"00:00:00","end_time":"01:13:42","number":19,"yellow_card":0,"red_card":0,"injured":false,"goal":0,"own_goal":0,"playing_time":{"total":{"minutes_tip":28.22,"minutes_otip":15.84,"start_frame":10,"end_frame":46199,"minutes_played":76.96,"minutes_played_regular_time":76.96},"by_period":[{"name":"period_1","minutes_tip":22.04,"minutes_otip":8.48,"start_frame":10,"end_frame":28970,"minutes_played":48.27},{"name":"period_2","minutes_tip":6.18,"minutes_otip":7.37,"start_frame":28980,"end_frame":46199,"minutes_played":28.7}]},"team_player_id":1157295,"team_id":2380,"id":771861,"first_name":"Zane William","last_name":"Schreiber","short_name":"Z. Schreiber","birthday":"2005-05-31","trackable_object":773424,"gender":"male"},{"player_role":{"id":15,"position_group":"Center Forward","name":"Center Forward","acronym":"CF"},"start_time":"01:26:57","end_time":null,"number":50,"yellow_card":0,"red_card":0,"injured":false,"goal":0,"own_goal":0,"playing_time":{"total":{"minutes_tip":4.28,"minutes_otip":0.41,"start_frame":54150,"end_frame":59249,"minutes_played":8.5,"minutes_played_regular_time":8.5},"by_period":[{"name":"period_2","minutes_tip":4.28,"minutes_otip":0.41,"start_frame":54150,"end_frame":59249,"minutes_played":8.5}]},"team_player_id":1518741,"team_id":2380,"id":972981,"first_name":"Michael","last_name":"Ghossaini","short_name":"M. Ghossaini","birthday":null,"trackable_object":974544,"gender":"male"},{"player_role":{"id":4,"position_group":"Central Defender","name":"Right Center Back","acronym":"RCB"},"start_time":"01:13:36","end_time":null,"number":24,"yellow_card":0,"red_card":0,"injured":false,"goal":0,"own_goal":0,"playing_time":{"total":{"minutes_tip":2.32,"minutes_otip":8.21,"start_frame":46140,"end_frame":59249,"minutes_played":21.85,"minutes_played_regular_time":21.85},"by_period":[{"name":"period_2","minutes_tip":2.32,"minutes_otip":8.21,"start_frame":46140,"end_frame":59249,"minutes_played":21.85}]},"team_player_id":1448856,"team_id":870,"id":330380,"first_name":"Diesel","last_name":"Herrington","short_name":"D. Herrington","birthday":"2004-08-04","trackable_object":331937,"gender":"male"},{"player_role":{"id":9,"position_group":"Midfield","name":"Left Midfield","acronym":"LM"},"start_time":"00:00:00","end_time":"01:24:01","number":16,"yellow_card":0,"red_card":0,"injured":false,"goal":0,"own_goal":0,"playing_time":{"total":{"minutes_tip":17.4,"minutes_otip":30.92,"start_frame":10,"end_frame":52389,"minutes_played":87.28,"minutes_played_regular_time":87.28},"by_period":[{"name":"period_1","minutes_tip":8.48,"minutes_otip":22.04,"start_frame":10,"end_frame":28970,"minutes_played":48.27},{"name":"period_2","minutes_tip":8.92,"minutes_otip":8.88,"start_frame":28980,"end_frame":52389,"minutes_played":39.02}]},"team_player_id":1204876,"team_id":870,"id":795508,"first_name":"Harrison","last_name":"Steele","short_name":"H. Steele","birthday":"2002-10-12","trackable_object":797071,"gender":"male"},{"player_role":{"id":5,"position_group":"Full Back","name":"Left Wing Back","acronym":"LWB"},"start_time":"00:00:00","end_time":"00:53:51","number":5,"yellow_card":0,"red_card":0,"injured":false,"goal":0,"own_goal":0,"playing_time":{"total":{"minutes_tip":10.17,"minutes_otip":25.16,"start_frame":10,"end_frame":34289,"minutes_played":57.11,"minutes_played_regular_time":57.11},"by_period":[{"name":"period_1","minutes_tip":8.48,"minutes_otip":22.04,"start_frame":10,"end_frame":28970,"minutes_played":48.27},{"name":"period_2","minutes_tip":1.7,"minutes_otip":3.11,"start_frame":28980,"end_frame":34289,"minutes_played":8.85}]},"team_player_id":1204884,"team_id":870,"id":51039,"first_name":"Noah","last_name":"Smith","short_name":"N. Smith","birthday":"2000-12-15","trackable_object":52165,"gender":"male"},{"player_role":{"id":15,"position_group":"Center Forward","name":"Center Forward","acronym":"CF"},"start_time":"00:00:00","end_time":null,"number":9,"yellow_card":0,"red_card":0,"injured":false,"goal":0,"own_goal":0,"playing_time":{"total":{"minutes_tip":18.17,"minutes_otip":36.43,"start_frame":10,"end_frame":59249,"minutes_played":98.72,"minutes_played_regular_time":98.72},"by_period":[{"name":"period_1","minutes_tip":8.48,"minutes_otip":22.04,"start_frame":10,"end_frame":28970,"minutes_played":48.27},{"name":"period_2","minutes_tip":9.69,"minutes_otip":14.39,"start_frame":28980,"end_frame":59249,"minutes_played":50.45}]},"team_player_id":74034,"team_id":870,"id":51668,"first_name":"Alou","last_name":"Kuol","short_name":"A. Kuol","birthday":"2001-07-05","trackable_object":52794,"gender":"male"},{"player_role":{"id":20,"position_group":"Full Back","name":"Right Back","acronym":"RB"},"start_time":"00:00:00","end_time":null,"number":2,"yellow_card":0,"red_card":0,"injured":false,"goal":0,"own_goal":0,"playing_time":{"total":{"minutes_tip":36.43,"minutes_otip":18.17,"start_frame":10,"end_frame":59249,"minutes_played":98.72,"minutes_played_regular_time":98.72},"by_period":[{"name":"period_1","minutes_tip":22.04,"minutes_otip":8.48,"start_frame":10,"end_frame":28970,"minutes_played":48.27},{"name":"period_2","minutes_tip":14.39,"minutes_otip":9.69,"start_frame":28980,"end_frame":59249,"minutes_played":50.45}]},"team_player_id":828162,"team_id":2380,"id":51051,"first_name":"Callum","last_name":"Talbot","short_name":"C. Talbot","birthday":"2001-02-26","trackable_object":52177,"gender":"male"},{"player_role":{"id":14,"position_group":"Wide Attacker","name":"Left Forward","acronym":"LF"},"start_time":"00:00:00","end_time":"01:13:42","number":38,"yellow_card":0,"red_card":0,"injured":false,"goal":0,"own_goal":0,"playing_time":{"total":{"minutes_tip":28.22,"minutes_otip":15.84,"start_frame":10,"end_frame":46199,"minutes_played":76.96,"minutes_played_regular_time":76.96},"by_period":[{"name":"period_1","minutes_tip":22.04,"minutes_otip":8.48,"start_frame":10,"end_frame":28970,"minutes_played":48.27},{"name":"period_2","minutes_tip":6.18,"minutes_otip":7.37,"start_frame":28980,"end_frame":46199,"minutes_played":28.7}]},"team_player_id":1157291,"team_id":2380,"id":771857,"first_name":"Harry","last_name":"Politidis","short_name":"H. Politidis","birthday":"2002-06-28","trackable_object":773420,"gender":"male"},{"player_role":{"id":9,"position_group":"Midfield","name":"Left Midfield","acronym":"LM"},"start_time":"00:00:00","end_time":null,"number":6,"yellow_card":0,"red_card":0,"injured":false,"goal":0,"own_goal":0,"playing_time":{"total":{"minutes_tip":36.43,"minutes_otip":18.17,"start_frame":10,"end_frame":59249,"minutes_played":98.72,"minutes_played_regular_time":98.72},"by_period":[{"name":"period_1","minutes_tip":22.04,"minutes_otip":8.48,"start_frame":10,"end_frame":28970,"minutes_played":48.27},{"name":"period_2","minutes_tip":14.39,"minutes_otip":9.69,"start_frame":28980,"end_frame":59249,"minutes_played":50.45}]},"team_player_id":1157287,"team_id":2380,"id":51681,"first_name":"Steven","last_name":"Ugarković","short_name":"S. Ugarković","birthday":"1994-08-19","trackable_object":52807,"gender":"male"},{"player_role":{"id":4,"position_group":"Central Defender","name":"Right Center Back","acronym":"RCB"},"start_time":"01:13:42","end_time":null,"number":22,"yellow_card":0,"red_card":0,"injured":false,"goal":0,"own_goal":0,"playing_time":{"total":{"minutes_tip":8.21,"minutes_otip":2.32,"start_frame":46200,"end_frame":59249,"minutes_played":21.75,"minutes_played_regular_time":21.75},"by_period":[{"name":"period_2","minutes_tip":8.21,"minutes_otip":2.32,"start_frame":46200,"end_frame":59249,"minutes_played":21.75}]},"team_player_id":1504083,"team_id":2380,"id":114464,"first_name":"Germán Julio","last_name":"César Ferreyra","short_name":"G. Ferreyra","birthday":"1996-01-13","trackable_object":116005,"gender":"male"},{"player_role":{"id":4,"position_group":"Central Defender","name":"Right Center Back","acronym":"RCB"},"start_time":"00:00:00","end_time":"01:13:36","number":4,"yellow_card":1,"red_card":0,"injured":false,"goal":0,"own_goal":0,"playing_time":{"total":{"minutes_tip":15.84,"minutes_otip":28.22,"start_frame":10,"end_frame":46139,"minutes_played":76.86,"minutes_played_regular_time":76.86},"by_period":[{"name":"period_1","minutes_tip":8.48,"minutes_otip":22.04,"start_frame":10,"end_frame":28970,"minutes_played":48.27},{"name":"period_2","minutes_tip":7.37,"minutes_otip":6.18,"start_frame":28980,"end_frame":46139,"minutes_played":28.6}]},"team_player_id":1448850,"team_id":870,"id":10549,"first_name":"Trent","last_name":"Sainsbury","short_name":"T. Sainsbury","birthday":"1992-01-05","trackable_object":10559,"gender":"male"},{"player_role":{"id":12,"position_group":"Wide Attacker","name":"Left Winger","acronym":"LW"},"start_time":"00:00:00","end_time":null,"number":10,"yellow_card":0,"red_card":0,"injured":false,"goal":0,"own_goal":0,"playing_time":{"total":{"minutes_tip":18.17,"minutes_otip":36.43,"start_frame":10,"end_frame":59249,"minutes_played":98.72,"minutes_played_regular_time":98.72},"by_period":[{"name":"period_1","minutes_tip":8.48,"minutes_otip":22.04,"start_frame":10,"end_frame":28970,"minutes_played":48.27},{"name":"period_2","minutes_tip":9.69,"minutes_otip":14.39,"start_frame":28980,"end_frame":59249,"minutes_played":50.45}]},"team_player_id":1204879,"team_id":870,"id":34423,"first_name":"Antonio Mikael","last_name":"Rodrigues Brito","short_name":"Mikael Doka","birthday":"2000-01-24","trackable_object":35534,"gender":"male"},{"player_role":{"id":9,"position_group":"Midfield","name":"Left Midfield","acronym":"LM"},"start_time":"01:24:01","end_time":null,"number":36,"yellow_card":0,"red_card":0,"injured":false,"goal":0,"own_goal":0,"playing_time":{"total":{"minutes_tip":0.77,"minutes_otip":5.52,"start_frame":52390,"end_frame":59249,"minutes_played":11.43,"minutes_played_regular_time":11.43},"by_period":[{"name":"period_2","minutes_tip":0.77,"minutes_otip":5.52,"start_frame":52390,"end_frame":59249,"minutes_played":11.43}]},"team_player_id":1448859,"team_id":870,"id":923864,"first_name":"Haine Anthony","last_name":"Eames","short_name":"H. Eames","birthday":"2008-02-27","trackable_object":925427,"gender":"male"},{"player_role":{"id":13,"position_group":"Wide Attacker","name":"Right Winger","acronym":"RW"},"start_time":"00:00:00","end_time":"00:48:16","number":37,"yellow_card":0,"red_card":0,"injured":false,"goal":0,"own_goal":0,"playing_time":{"total":{"minutes_tip":8.48,"minutes_otip":22.04,"start_frame":10,"end_frame":28969,"minutes_played":48.26,"minutes_played_regular_time":48.26},"by_period":[{"name":"period_1","minutes_tip":8.48,"minutes_otip":22.04,"start_frame":10,"end_frame":28969,"minutes_played":48.26}]},"team_player_id":1228527,"team_id":870,"id":808609,"first_name":"Bailey","last_name":"Brandtman","short_name":"B. Brandtman","birthday":"2005-06-28","trackable_object":810172,"gender":"male"},{"player_role":{"id":4,"position_group":"Central Defender","name":"Right Center Back","acronym":"RCB"},"start_time":"00:00:00","end_time":null,"number":27,"yellow_card":1,"red_card":0,"injured":false,"goal":0,"own_goal":0,"playing_time":{"total":{"minutes_tip":36.43,"minutes_otip":18.17,"start_frame":10,"end_frame":59249,"minutes_played":98.72,"minutes_played_regular_time":98.72},"by_period":[{"name":"period_1","minutes_tip":22.04,"minutes_otip":8.48,"start_frame":10,"end_frame":28970,"minutes_played":48.27},{"name":"period_2","minutes_tip":14.39,"minutes_otip":9.69,"start_frame":28980,"end_frame":59249,"minutes_played":50.45}]},"team_player_id":1504086,"team_id":2380,"id":50992,"first_name":"Kai","last_name":"Trewin","short_name":"K. Trewin","birthday":"2001-05-18","trackable_object":52118,"gender":"male"},{"player_role":{"id":16,"position_group":"Wide Attacker","name":"Right Forward","acronym":"RF"},"start_time":"00:39:39","end_time":null,"number":46,"yellow_card":0,"red_card":0,"injured":false,"goal":0,"own_goal":0,"playing_time":{"total":{"minutes_tip":18.89,"minutes_otip":11.62,"start_frame":23800,"end_frame":59249,"minutes_played":59.06,"minutes_played_regular_time":59.06},"by_period":[{"name":"period_1","minutes_tip":4.49,"minutes_otip":1.93,"start_frame":23800,"end_frame":28970,"minutes_played":8.62},{"name":"period_2","minutes_tip":14.39,"minutes_otip":9.69,"start_frame":28980,"end_frame":59249,"minutes_played":50.45}]},"team_player_id":1157290,"team_id":2380,"id":771856,"first_name":"Benjamin","last_name":"Mazzeo","short_name":"B. Mazzeo","birthday":"2005-07-12","trackable_object":773419,"gender":"male"},{"player_role":{"id":10,"position_group":"Midfield","name":"Right Midfield","acronym":"RM"},"start_time":"00:00:00","end_time":null,"number":8,"yellow_card":0,"red_card":0,"injured":false,"goal":0,"own_goal":0,"playing_time":{"total":{"minutes_tip":18.17,"minutes_otip":36.43,"start_frame":10,"end_frame":59249,"minutes_played":98.72,"minutes_played_regular_time":98.72},"by_period":[{"name":"period_1","minutes_tip":8.48,"minutes_otip":22.04,"start_frame":10,"end_frame":28970,"minutes_played":48.27},{"name":"period_2","minutes_tip":9.69,"minutes_otip":14.39,"start_frame":28980,"end_frame":59249,"minutes_played":50.45}]},"team_player_id":1448852,"team_id":870,"id":29856,"first_name":"Alfie","last_name":"McCalmont","short_name":"A. McCalmont","birthday":"2000-03-25","trackable_object":30949,"gender":"male"},{"player_role":{"id":6,"position_group":"Full Back","name":"Right Wing Back","acronym":"RWB"},"start_time":"00:00:00","end_time":null,"number":15,"yellow_card":0,"red_card":0,"injured":false,"goal":0,"own_goal":0,"playing_time":{"total":{"minutes_tip":18.17,"minutes_otip":36.43,"start_frame":10,"end_frame":59249,"minutes_played":98.72,"minutes_played_regular_time":98.72},"by_period":[{"name":"period_1","minutes_tip":8.48,"minutes_otip":22.04,"start_frame":10,"end_frame":28970,"minutes_played":48.27},{"name":"period_2","minutes_tip":9.69,"minutes_otip":14.39,"start_frame":28980,"end_frame":59249,"minutes_played":50.45}]},"team_player_id":21891,"team_id":870,"id":23930,"first_name":"Storm ","last_name":"Roux","short_name":"S. Roux","birthday":"1993-01-13","trackable_object":24888,"gender":"male"},{"player_role":{"id":15,"position_group":"Center Forward","name":"Center Forward","acronym":"CF"},"start_time":"00:00:00","end_time":"01:26:57","number":35,"yellow_card":0,"red_card":0,"injured":false,"goal":0,"own_goal":0,"playing_time":{"total":{"minutes_tip":32.16,"minutes_otip":17.76,"start_frame":10,"end_frame":54149,"minutes_played":90.22,"minutes_played_regular_time":90.22},"by_period":[{"name":"period_1","minutes_tip":22.04,"minutes_otip":8.48,"start_frame":10,"end_frame":28970,"minutes_played":48.27},{"name":"period_2","minutes_tip":10.11,"minutes_otip":9.29,"start_frame":28980,"end_frame":54149,"minutes_played":41.95}]},"team_player_id":1204019,"team_id":2380,"id":795151,"first_name":"Medin","last_name":"Memeti","short_name":"M. Memeti","birthday":"2007-06-20","trackable_object":796714,"gender":"male"},{"player_role":{"id":2,"position_group":"Central Defender","name":"Center Back","acronym":"CB"},"start_time":"00:00:00","end_time":null,"number":3,"yellow_card":0,"red_card":0,"injured":false,"goal":0,"own_goal":0,"playing_time":{"total":{"minutes_tip":18.17,"minutes_otip":36.43,"start_frame":10,"end_frame":59249,"minutes_played":98.72,"minutes_played_regular_time":98.72},"by_period":[{"name":"period_1","minutes_tip":8.48,"minutes_otip":22.04,"start_frame":10,"end_frame":28970,"minutes_played":48.27},{"name":"period_2","minutes_tip":9.69,"minutes_otip":14.39,"start_frame":28980,"end_frame":59249,"minutes_played":50.45}]},"team_player_id":1204880,"team_id":870,"id":795510,"first_name":"Brian","last_name":"Kaltak","short_name":"B. Kaltak","birthday":"1993-09-30","trackable_object":797073,"gender":"male"},{"player_role":{"id":16,"position_group":"Wide Attacker","name":"Right Forward","acronym":"RF"},"start_time":"00:00:00","end_time":"00:39:39","number":10,"yellow_card":0,"red_card":0,"injured":false,"goal":0,"own_goal":0,"playing_time":{"total":{"minutes_tip":17.55,"minutes_otip":6.54,"start_frame":10,"end_frame":23799,"minutes_played":39.65,"minutes_played_regular_time":39.65},"by_period":[{"name":"period_1","minutes_tip":17.55,"minutes_otip":6.54,"start_frame":10,"end_frame":23799,"minutes_played":39.65}]},"team_player_id":1504084,"team_id":2380,"id":22937,"first_name":"Yonatan","last_name":"Cohen","short_name":"Y. Cohen","birthday":"1996-06-29","trackable_object":23811,"gender":"male"},{"player_role":{"id":13,"position_group":"Wide Attacker","name":"Right Winger","acronym":"RW"},"start_time":"00:53:51","end_time":null,"number":28,"yellow_card":0,"red_card":0,"injured":false,"goal":0,"own_goal":0,"playing_time":{"total":{"minutes_tip":7.99,"minutes_otip":11.28,"start_frame":34290,"end_frame":59249,"minutes_played":41.6,"minutes_played_regular_time":41.6},"by_period":[{"name":"period_2","minutes_tip":7.99,"minutes_otip":11.28,"start_frame":34290,"end_frame":59249,"minutes_played":41.6}]},"team_player_id":1204889,"team_id":870,"id":795515,"first_name":"Will","last_name":"Wilson","short_name":"W. Wilson","birthday":"2001-12-23","trackable_object":797078,"gender":"male"},{"player_role":{"id":12,"position_group":"Wide Attacker","name":"Left Winger","acronym":"LW"},"start_time":"00:48:16","end_time":null,"number":7,"yellow_card":1,"red_card":0,"injured":false,"goal":0,"own_goal":0,"playing_time":{"total":{"minutes_tip":9.69,"minutes_otip":14.39,"start_frame":28980,"end_frame":59249,"minutes_played":50.45,"minutes_played_regular_time":50.45},"by_period":[{"name":"period_2","minutes_tip":9.69,"minutes_otip":14.39,"start_frame":28980,"end_frame":59249,"minutes_played":50.45}]},"team_player_id":1204878,"team_id":870,"id":795509,"first_name":"Christian","last_name":"Theoharous","short_name":"C. Theoharous","birthday":"1999-12-06","trackable_object":797072,"gender":"male"},{"player_role":{"id":17,"position_group":"Other","name":"Substitute","acronym":"SUB"},"start_time":null,"end_time":null,"number":41,"yellow_card":0,"red_card":0,"injured":false,"goal":0,"own_goal":0,"playing_time":{"total":null,"by_period":[]},"team_player_id":1518180,"team_id":2380,"id":972648,"first_name":"Lawrence","last_name":"Wong","short_name":"L. Wong","birthday":"2007-10-06","trackable_object":974211,"gender":"male"},{"player_role":{"id":17,"position_group":"Other","name":"Substitute","acronym":"SUB"},"start_time":null,"end_time":null,"number":1,"yellow_card":0,"red_card":0,"injured":false,"goal":0,"own_goal":0,"playing_time":{"total":null,"by_period":[]},"team_player_id":1157284,"team_id":2380,"id":50996,"first_name":"Jamie","last_name":"Young","short_name":"J. Young","birthday":"1985-08-25","trackable_object":52122,"gender":"male"},{"player_role":{"id":17,"position_group":"Other","name":"Substitute","acronym":"SUB"},"start_time":null,"end_time":null,"number":42,"yellow_card":0,"red_card":0,"injured":false,"goal":0,"own_goal":0,"playing_time":{"total":null,"by_period":[]},"team_player_id":1504087,"team_id":2380,"id":963053,"first_name":"Benjamin","last_name":"Dunbar","short_name":"B. Dunbar","birthday":"2006-01-28","trackable_object":964616,"gender":"male"},{"player_role":{"id":3,"position_group":"Central Defender","name":"Left Center Back","acronym":"LCB"},"start_time":"00:00:00","end_time":null,"number":26,"yellow_card":0,"red_card":0,"injured":false,"goal":1,"own_goal":0,"playing_time":{"total":{"minutes_tip":36.43,"minutes_otip":18.17,"start_frame":10,"end_frame":59249,"minutes_played":98.72,"minutes_played_regular_time":98.72},"by_period":[{"name":"period_1","minutes_tip":22.04,"minutes_otip":8.48,"start_frame":10,"end_frame":28970,"minutes_played":48.27},{"name":"period_2","minutes_tip":14.39,"minutes_otip":9.69,"start_frame":28980,"end_frame":59249,"minutes_played":50.45}]},"team_player_id":1157286,"team_id":2380,"id":9520,"first_name":"Samuel","last_name":"Souprayen","short_name":"S. Souprayen","birthday":"1989-02-18","trackable_object":9530,"gender":"male"},{"player_role":{"id":0,"position_group":"Other","name":"Goalkeeper","acronym":"GK"},"start_time":"00:00:00","end_time":null,"number":33,"yellow_card":0,"red_card":0,"injured":false,"goal":0,"own_goal":0,"playing_time":{"total":{"minutes_tip":36.43,"minutes_otip":18.17,"start_frame":10,"end_frame":59249,"minutes_played":98.72,"minutes_played_regular_time":98.72},"by_period":[{"name":"period_1","minutes_tip":22.04,"minutes_otip":8.48,"start_frame":10,"end_frame":28970,"minutes_played":48.27},{"name":"period_2","minutes_tip":14.39,"minutes_otip":9.69,"start_frame":28980,"end_frame":59249,"minutes_played":50.45}]},"team_player_id":1157293,"team_id":2380,"id":771859,"first_name":"Patrick","last_name":"Beach","short_name":"P. Beach","birthday":"2003-08-06","trackable_object":773422,"gender":"male"},{"player_role":{"id":10,"position_group":"Midfield","name":"Right Midfield","acronym":"RM"},"start_time":"00:00:00","end_time":null,"number":13,"yellow_card":0,"red_card":0,"injured":false,"goal":0,"own_goal":0,"playing_time":{"total":{"minutes_tip":36.43,"minutes_otip":18.17,"start_frame":10,"end_frame":59249,"minutes_played":98.72,"minutes_played_regular_time":98.72},"by_period":[{"name":"period_1","minutes_tip":22.04,"minutes_otip":8.48,"start_frame":10,"end_frame":28970,"minutes_played":48.27},{"name":"period_2","minutes_tip":14.39,"minutes_otip":9.69,"start_frame":28980,"end_frame":59249,"minutes_played":50.45}]},"team_player_id":1504085,"team_id":2380,"id":104563,"first_name":"Nathaniel","last_name":"Atkinson","short_name":"N. Atkinson","birthday":"1999-06-13","trackable_object":105725,"gender":"male"},{"player_role":{"id":19,"position_group":"Full Back","name":"Left Back","acronym":"LB"},"start_time":"00:00:00","end_time":null,"number":16,"yellow_card":0,"red_card":0,"injured":false,"goal":0,"own_goal":0,"playing_time":{"total":{"minutes_tip":36.43,"minutes_otip":18.17,"start_frame":10,"end_frame":59249,"minutes_played":98.72,"minutes_played_regular_time":98.72},"by_period":[{"name":"period_1","minutes_tip":22.04,"minutes_otip":8.48,"start_frame":10,"end_frame":28970,"minutes_played":48.27},{"name":"period_2","minutes_tip":14.39,"minutes_otip":9.69,"start_frame":28980,"end_frame":59249,"minutes_played":50.45}]},"team_player_id":1157282,"team_id":2380,"id":11891,"first_name":"Aziz Eraltay","last_name":"Behich","short_name":"A. Behich","birthday":"1990-12-16","trackable_object":11998,"gender":"male"},{"player_role":{"id":17,"position_group":"Other","name":"Substitute","acronym":"SUB"},"start_time":null,"end_time":null,"number":11,"yellow_card":0,"red_card":0,"injured":false,"goal":0,"own_goal":0,"playing_time":{"total":null,"by_period":[]},"team_player_id":1448851,"team_id":870,"id":170488,"first_name":"Vitor","last_name":"Correia da Silva","short_name":"Vitor Feijão","birthday":"1996-08-01","trackable_object":172043,"gender":"male"},{"player_role":{"id":17,"position_group":"Other","name":"Substitute","acronym":"SUB"},"start_time":null,"end_time":null,"number":17,"yellow_card":0,"red_card":0,"injured":false,"goal":0,"own_goal":0,"playing_time":{"total":null,"by_period":[]},"team_player_id":1448854,"team_id":870,"id":923861,"first_name":"Sabit","last_name":"James Ngor","short_name":"S. James Ngor","birthday":"2001-01-05","trackable_object":925424,"gender":"male"},{"player_role":{"id":17,"position_group":"Other","name":"Substitute","acronym":"SUB"},"start_time":null,"end_time":null,"number":1,"yellow_card":0,"red_card":0,"injured":false,"goal":0,"own_goal":0,"playing_time":{"total":null,"by_period":[]},"team_player_id":1448853,"team_id":870,"id":152947,"first_name":"Adam","last_name":"Pavlesic","short_name":"A. Pavlesic","birthday":"2002-07-30","trackable_object":154502,"gender":"male"},{"player_role":{"id":0,"position_group":"Other","name":"Goalkeeper","acronym":"GK"},"start_time":"00:00:00","end_time":null,"number":40,"yellow_card":0,"red_card":0,"injured":false,"goal":0,"own_goal":0,"playing_time":{"total":{"minutes_tip":18.17,"minutes_otip":36.43,"start_frame":10,"end_frame":59249,"minutes_played":98.72,"minutes_played_regular_time":98.72},"by_period":[{"name":"period_1","minutes_tip":8.48,"minutes_otip":22.04,"start_frame":10,"end_frame":28970,"minutes_played":48.27},{"name":"period_2","minutes_tip":9.69,"minutes_otip":14.39,"start_frame":28980,"end_frame":59249,"minutes_played":50.45}]},"team_player_id":1448857,"team_id":870,"id":923862,"first_name":"Dylan","last_name":"Peraic-Cullen","short_name":"D. Peraic-Cullen","birthday":"2006-07-25","trackable_object":925425,"gender":"male"}],"status":"not_started","home_team_side":["left_to_right","right_to_left"],"ball":{"trackable_object":55},"pitch_length":105,"pitch_width":68}